id;subject;questionType;question;completed;answers/0;answers/1;answers/2;answers/3;answers/4;answers/5;answers/6;answers/7;answers/8;answers/9;;correct/0;correct/1;correct/2;correct/3;correct/4;correct/5;correct/6;correct/7;correct/8;correct/9;;title/0;title/1;title/2;title/3;title/4;title/5;title/6;title/7;title/8;title/9;;;;
1001;UX;SC;Wer gilt als Vater des Begriffs User Experience (UX)?;false;Steve Jobs;Donald Norman;Charles Babbage;Steve Wozniak;;;;;;;;0;1;0;0;;;;;;;;;;;;;;;;;;;;;
1002;UX;MC;Welche der folgenden Methoden werden zur Verbesserung der User Experience genutzt?;false;Usability Testing;Eye-Tracking;Storyboarding;Tagebuchstudien;;;;;;;;1;1;1;1;;;;;;;;;;;;;;;;;;;;;
1003;UX;DD;Entscheide welche Methoden der Nutzerbedarfsanalyse qualitativ und welche quantitativ sind.;false; Erwartungen;Ermittlung numerischer Werte;Einstellungen;Verhaltensweisen;objektive Befunde: »zählen«;subjektive Befunde: »befragen«;;;;;;2;1;2;2;1;1;;;;;;Quantitative Methoden;Qualitative Methoden ;;;;;;;;;;;;
1004;UX;MC;Welche Aussage ist ein Teil von Usability Testing?;false;Die Überprüfung von Systemkompatibilitäten.;Die Beobachtung der ersten Interaktion von Usern mit neuer Software.,;Die Durchführung von Performance Tests.;Das Auswerten von Tagebuchstudien.;;;;;;;;0;1;0;0;;;;;;;;;;;;;;;;;;;;;
1005;UX;SC;Wozu wurde Usability Testing entwickelt?;false;Um eine intuitive Steuerung von Software zu ermöglichen.;Um zu testen, ob Software funktioniert.;Um die Laufzeit von Software zu optimieren. ;;;;;;;;;1;0;0;;;;;;;;;;;;;;;;;;;;;;
1006;UX;SC;Was versteht man unter dem Begriff Storyboarding?;false;Das Erzählen einer Geschichte über das Nutzerverhalten.,;Die sequentielle Aneinanderreihung von Bildern um Abläufe und Abhängigkeiten im Voraus abzubilden.,;Die Sammlung von Geschichten über Anwendungsmöglichkeiten, welche auf einem Board dargestellt werden. ;;;;;;;;;0;1;0;;;;;;;;;;;;;;;;;;;;;;
1007;UX;MC;Welche Vorteile bietet Sketching?;false;Es bietet die Möglichkeit, schnell Konzepte zu erstellen.;Entwickelte Konzepte sind sofort in digitaler Form verfügbar.;Visualisierte Problemstellungen sind besser zu verstehen.;Ergänzungen zu Protokollen von Meetings. ;;;;;;;;1;0;1;1;;;;;;;;;;;;;;;;;;;;;
1008;UX;OD;Ordne die folgenden Schritte des Design Thinking Process aufsteigend nach ihrer Reihenfolge.;false;Empathize (Verstehen);Prototype (Bauen) ;Test (Testen) ;Define (Definieren);Ideate;;;;;;;1;4;5;2;3;;;;;;;;;;;;;;;;;;;;
1009;UX;DD;Entscheide welche Methoden zu welchem Design Thinking Schritt gehören.;false;Idea Sharing;Mockups;Storyboards;Shadowing;Interviews;»Yes and«-Thinking;;;;;;3;1;1;2;2;3;;;;;;Prototype;Empathize;Ideate;;;;;;;;;;;
1010;UX;MC;In welche Kategorien kann man die Methoden der UX-Evaluation einteilen?;false;Implizite Methoden ;Reale Methoden;Visuelle Methoden;Substantielle Methoden;Virtuelle Methoden;Explizite Methoden;Objektive Methoden;Subjektive Methoden;;;;1;0;0;0;0;1;0;0;;;;;;;;;;;;;;;;;
1011;UX;DD;Ordne die folgenden Methoden ihrer jeweiligen Kategorie zu.;false;Tagebuchstudien ;Usability Testing;Eye-Tracking;Elektroenzephalografie;Mitarbeiterbefragungen;;;;;;;2;2;1;1;2;;;;;;;Implizite Methoden;Explizite Methoden;;;;;;;;;;;;
1012;UX;SC;Wie verläuft die Blickrichtung von Usern auf Websites typischerweise?;false;Von oben nach unten;Es gibt keine typische Richtung;In F-Form;;;;;;;;;0;0;1;;;;;;;;;;;;;;;;;;;;;;
1013;UX;SC;Wo sollte das Suchfeld in einem Online Shop platziert sein?;false;oben mittig;oben rechts;unten links;;;;;;;;;1;0;0;;;;;;;;;;;;;;;;;;;;;;
1014;UX;SC;Wo sollte sich das Logo befinden?;false;oben links ;oben mittig;oben rechts ;an mehreren Stellen;;;;;;;;1;0;0;0;;;;;;;;;;;;;;;;;;;;;
1015;UX;TL;Ordne den deutschen Fachbegriffen ihre englischen Übersetzungen zu.;false;Usability Test ;Consumer Insight;Attention Tracking;User Journey;Wireframe;User-Centered Design;Accessibility;Diary Study;Thinking Aloud;On-site Questionnaire ;;10;3;1;7;5;6;9;8;2;4;;Aufmerksamkeitsmessung;Lautes Denken;Nutzerwissen;Mitarbeiterbefragung;Drahtmodell;Nutzerorientierte Gestaltung;Endverbraucherreise;Tagebuchstudie;Barrierefreiheit;Benutzerfreundlichkeitstest;;;;
1016;WI;DD;Welche Aussagen treffen auf Normen zu, welche auf Standards? Ordne zu.;false;Richtlinien;In der Regel von Anwendergruppen oder Herstellern erarbeitet.;Werden empfohlen, sollten eingehalten werden.;Verbindlich ;;;;;;;;1;2;2;1;;;;;;;;Normen;Standards;;;;;;;;;;;;
1017;WI;SC;Was bedeutet die Abkürzung GL im Bezug auf Programmiersprachen?;false;Generation language;General language;Good language;;;;;;;;;1;0;0;;;;;;;;;;;;;;;;;;;;;;
1018;WI;DD;Ordne die Programmiersprachen jeweils der passenden Generation zu.;false;Maschinensprachen;Höhere Programmiersprachen;Nichtprozedurale Programmiersprachen;KI-Sprachen;Assemblersprachen;;;;;;;1;3;4;5;2;;;;;;;First GL;Second GL;Third GL;Fourth GL;Fifth GL;;;;;;;;;
1019;WI;MC;Markiere die wahren Aussagen.;false;Bei der First GL erfolgt die 1:1 Übersetzung durch den Assembler.;Bei der Third GL erfolgt die 1:1 Übersetzung durch den Compiler.;Bei der Third GL erfolgt die 1:N Übersetzung durch den Compiler/Interpreter.;Die Programmiersprachen LISP und Prolog gehören zu den KI-Sprachen.;HTML ist eine Programmiersprache.;;;;;;;1;0;1;1;0;;;;;;;;;;;;;;;;;;;;
1020;WI;MC;Welche Arten der Programmierung gibt es nach dem Programmierparadigma?;false;strukturierte Programmierung;objektorientiere Programmierung;funktionale Programmierung;logische Programmierung;klassenbasierte Programmierung;unstrukturierte Programmierung;;;;;;1;1;1;1;0;0;;;;;;;;;;;;;;;;;;;
1021;WI;DD;Ordne die Aussagen den Arten der Programmierung zu.;false;Konzepte für Unterroutinen;Nur Funktionen als Anweisungen;Beschreibung von Aussagen;Vererbung und Polymorphie;;;;;;;;1;3;4;2;;;;;;;;Strukturierte Programmierung;Objektorientierte Programmierung;Funktionale Programmierung;Logische Programmierung;;;;;;;;;;
1022;WI;MC;Markiere die wahren Aussagen.;false;Die Programmiersprachen Prolog und CLP gehören zur logischen Programmierung.;Die Programmiersprache LISP gehört zur strukturierten Programmierung.;Die objektorientierte Programmierung beschäftigt sich mit Objekten und Klassen, sowie mit der Datenkapselung.;Unter einem Programmierparadigma versteht man die Sichtweise und den Umgang mit den zu verarbeitenden Daten und Operationen.;;;;;;;;1;0;1;1;;;;;;;;;;;;;;;;;;;;;
1023;WI;DD;Ordne die Vorteile dem Interpreter oder dem Compiler zu.;false;Benötigt weniger Speicherplatz;Einzelne Anweisungen sofort testen;Globale Fehlersuche;Teilergebnisse sind sichtbar;Unterstützung durch Entwicklungsumgebung;Einfache Fehlersuche;;;;;;1;2;1;2;1;2;;;;;;Compiler;Interpreter;;;;;;;;;;;;
1024;WI;DD;Ordne die Nachteile dem Interpreter bzw. dem Compiler zu.;false;Mehrstufig;Lokale Fehlersuche;Langsamer;Kein ausführbares Zielprogramm in Maschinensprache;Bei jedem Übersetzungsvorgang muss das gesamte Programm übersetzt werden.;Fehlersuche aufwändiger;;;;;;1;2;2;2;1;1;;;;;;Compiler;Interpreter;;;;;;;;;;;;
1025;WI;DD;Ordne die Begriffe den verschiedenen Datenformen zu.;false;Personalnummer;Name;Einzahlungen;Lagerbestände;Abbuchungen;Kontobestände;;;;;;1;1;3;2;3;2;;;;;;Stammdaten;Bestandsdaten;Bewegungsdaten;;;;;;;;;;;
1026;WI;MC;Sind die folgenden Aussagen wahr? Wenn ja, markiere sie.;false;OLTP ist eine Abkürzung für Online Transaction Processing.;Auskunfts- und Reservierungssysteme sowie Kontoabfragen sind Beispiele für OLTP.;Bei OLTP werden die Daten nicht direkt nach der Eingabe aktualisiert und stehen auch nicht allen betroffenen Abteilungen zur gleichen Zeit zur Verfügung.;OLTP verfolgt den Ansatz der Echtzeitbuchung, d. h. es können mehrere Nutzer gleichzeitig im Dialogbetrieb auf dem gleichen Datenbestand arbeiten.;Ein ERP-System besteht aus 3 Systemlandschaften: Entwicklungssystem, Testsystem, Produktivsystem.;;;;;;;1;1;0;1;1;;;;;;;;;;;;;;;;;;;;
1027;WI;MC;Aus welchen funktionsbezogenen Modulen besteht ein ERP System?;false;Externes Rechnungswesen;IT- Dienstleistungen;Personal;Vertrieb;Beschaffung;Controlling;;;;;;1;0;0;1;1;1;;;;;;;;;;;;;;;;;;;
1028;WI;DD;Ordne die Vorteile der Individualsoftware oder der Standardsoftware zu.;false;Maßgeschneiderte Lösung;Keine Anpassung der Organisation erforderlich;Geringer Anschaffungspreis;Hohe Funktionalität;Wettbewerbsvorteile;Unabhängigkeit von Softwarelieferanten;Know-how Transfer durch den Hersteller;Branchenneutralität und Individualität durch Customizing;;;;1;1;2;2;1;1;2;2;;;;Individualsoftware;Standardsoftware;;;;;;;;;;;;
1029;WI;MC;Sind die folgenden Aussagen wahr?;false;Um eine Software einzuführen gibt es zwei Strategien: die Big Bang Strategie und die Rollout Strategie.;Die Big Bang Strategie beschreibt die vollständige Ablösung des Altsystems zum Stichtag.;;Unter einem Big Bang versteht man die schrittweise, prozessorientiere Einführung einer Software.;Die Rollout Strategie beschreibt die sukzessive Ablösung durch die Umstellung einzelner vollständiger Prozessketten.;;;;;;;1;1;0;1;;;;;;;;;;;;;;;;;;;;;
1030;WI;TL;Ordne den Begriffen jeweils ihre passende Übersetzung zu.;false;Business Process;Binding;Business Informatics;Norms;Source Code;Operarional Information Systems;Object-oriented Programming;Requirement Analysis;Master Data;Programming Language;;4;2;5;8;6;10;7;9;3;1;;Programmiersprache;Verbindlich;Stammdaten;Geschäftsprozess;Wirtschaftsinformatik;Quellcode;Objektorientierte Programmierung;Normen;Anforderungsanalyse;Betriebliche Informationssysteme;;;;
1031;GPM;MC;Wähle die Anforderungen an Unternehmen, die heutzutage entscheidend sind.;false;Schnelligkeit;Gute Dokumentation;Hohe Preise;Nutzung der Plankostenrechnung;Flexibilität;Produktorientierung;;;;;;1;0;0;0;1;0;;;;;;;;;;;;;;;;;;;
1032;GPM;SC;Der Schwerpunkt von Geschäftsprozessmanagement liegt in der technischen Umsetzung. Die Analyse und Optimierung dieser sind nicht von großer Bedeutung.;false;Wahr;Falsch;;;;;;;;;;0;1;;;;;;;;;;;;;;;;;;;;;;;
1033;GPM;DD;Ebenen der Prozessbetrachtung und deren Fokus. Ordne die Ebenen den verschiedenen Fokuspunkten zu. ;false;Modellierung;Analyse;Darstellung;Technische Umsetzung;Optimierung;;;;;;;2;2;1;3;2;;;;;;;Fokus: Dokumentation ;Fokus: Gestaltung;Fokus: Implementierung;;;;;;;;;;;
1034;GPM;MC;Wie ist ein Prozess definiert?;false;Ein Rahmenkonzept zur Gestaltung der betrieblichen Abläufe.;Ein Vergleich von Mitarbeitern.;Eine Abfolge von Transaktionen;Eine Abfolge von Aktivitäten und Zuständen;;;;;;;;0;0;0;1;;;;;;;;;;;;;;;;;;;;;
1035;GPM;SC;Im Geschäftsprozessmanagement gilt der Grundsatz: »Strategie vor Methodik vor Werkzeug«.;false;Wahr;Falsch;;;;;;;;;;1;0;;;;;;;;;;;;;;;;;;;;;;;
1036;GPM;SC;Geschäftsprozessmanagement beinhaltet Ansätze wie Business Process Reengineering oder Continuous Improvement.;false;Wahr;Falsch;;;;;;;;;;1;0;;;;;;;;;;;;;;;;;;;;;;;
1037;GPM;SC;Analyse eines Geschäftsprozesses. Ist eine Prozesskostenanalyse eine Methode oder eine Kenngröße?;false;Methode;Kenngröße;;;;;;;;;;1;0;;;;;;;;;;;;;;;;;;;;;;;
1038;GPM;SC;Ein Workflow kann als Abfolge von Transaktionen zwischen Objekten angesehen werden.;false;Wahr;Falsch;;;;;;;;;;1;0;;;;;;;;;;;;;;;;;;;;;;;
1039;GPM;DD;Analyse der Geschäftsprozesse - handelt es sich um eine Methode oder eine Kenngröße? Ziehe alle Elemente in das richtige Feld.;false;Ergebnisqualität;Prozessqualität;Prozessbenchmarking;Prozesskosten;Prozesskostenanalyse;Prozesszeitanalyse;Transportzeiten;;;;;2;2;1;2;1;1;2;;;;;Methoden;Kenngrößen;;;;;;;;;;;;
1040;GPM;TQ;Geschäftsprozesse und Dokumente. Ziehe das richtige Wort in die Lücke.;false;Ein;;ist eine Einheit von Informationen, die in einem DV-System als Datei oder als Bestandteil einer Datei vorliegt. Ein; ;ist eine zielgerichtete, zeitlich-logische Abfolge von Aufgaben, die arbeitsteilig von mehreren Organisationen oder Organisationseinheiten unter Nutzung von  Informations- und Kommunikationstechnologien ausgeführt werden können.;;;;;;;2;1;;;;;;;;;;Geschäftsprozess;Dokument;;;;;;;;;;;;
1041;GPM;SC;Wie ist Compliance definiert? ;false;Eine Einheit von Informationen;Der Vergleich von Geschäftsprozessen;Die Einhaltung von Richtlinien und Gesetzen in einem Unternehmen;Die Systematische Aufzeichnung von Geschäftsvorfällen;;;;;;;;0;0;1;0;;;;;;;;;;;;;;;;;;;;;
1042;GPM;SC;Welches ist das Standardverfahren für (grundlegende) Rechere in DMS?;false;Direct Retrieval;Indirect Retrieval;;;;;;;;;;1;0;;;;;;;;;;;;;;;;;;;;;;;
1043;GPM;MC;Wähle die Zielstellungen des Workflow-Managements.;false;Versionierung;Kontrolle;Qualitätssicherung;Höhere Produktivität;;;;;;;;0;0;1;1;;;;;;;;;;;;;;;;;;;;;
1044;GPM;SC;Wie kann man die Erfassung von Papierdokumenten nach dem Arbeitsablauf unterscheiden? ;false;Hochladen und herunterladen.;Frühes und spätes Scannen;;;;;;;;;;0;1;;;;;;;;;;;;;;;;;;;;;;;
1045;GPM;TL;Ordne den Begriffen jeweils ihre passende Übersetzung zu.;false;Storage Location;Business Process;Research;Key Figures;Process Reengineering;Automatic Processing;Workflow;Transactions;Optimization;Quality Assurance;;4;1;2;3;10;9;8;6;7;5;;Geschäftsprozess;Recherche;Kennzahlen;Ablageort;Qualitätssicherung;Transaktionen;Optimierung;Arbeitsablauf;Automatische Verarbeitung;Prozesserneuerung;;;;
1046;Wahrnehmungspsychologie;MC;Welche der folgenden Begriffe stellen Teilschritte der Wahrnehmung dar?;false;Interpretation;Anwendung;Auswahl;Aufnahme;Verarbeitung;Reflexion;;;;;;1;0;1;1;1;0;;;;;;;;;;;;;;;;;;;
1047;Wahrnehmungspsychologie;SC;Was sagt das »Gesetz der Nähe« aus?;false;e näher man am betrachteten Objekt steht, desto besser kann man die Proportionen abschätzen.;Nah aneinander liegende Objekte werden automatisch von unserem Gehirn gruppiert.;Nah aneinander liegende Objekte wirken größer.;;;;;;;;;0;1;0;;;;;;;;;;;;;;;;;;;;;;
1048;Wahrnehmungspsychologie;SC;Über wie viele Arten von Mechanorezeptoren verfügt die Haut?;false;1;3;4;7;;;;;;;;0;0;1;0;;;;;;;;;;;;;;;;;;;;;
1049;Wahrnehmungspsychologie;SC;Welche der folgenden Aussagen beschreibt die Konsenstheorie am besten?;false;Eine Aussage ist wahr, wenn sie für die Praxis verständlich und nützlich ist.;Es kann nicht sicher festgestellt werden, ob eine Aussage wahr ist, aber sehr wohl, dass eine bestimmte Aussage falsch ist, nämlich wenn ein Experiment sie widerlegt.;Eine Aussage ist wahr, wenn eine möglicherweise unendlich große Menge von Menschen unter idealen Kommunikationsbedingungen dieser Aussage zustimmen würde.;;;;;;;;;0;0;1;;;;;;;;;;;;;;;;;;;;;;
1050;Wahrnehmungspsychologie;SC;Welche Zellen sind für die Reizübertragung im Körper verantwortlich?;false;Andrenerge Nervenzellen;Neuronen;Hensen-Zellen;Astrozyten;;;;;;;;0;1;0;0;;;;;;;;;;;;;;;;;;;;;
1051;Wahrnehmungspsychologie;MC;Welche der folgenden Aussagen über Rezeptorzellen sind richtig?;false;Rezeptorzellen sind Signalwandler.;Rezeptorzellen sind Codierer.;Rezeptorzellen sind Interpreten.;Rezeptorzellen sind Verstärker.;Rezeptorzellen sind Boten.;;;;;;;1;1;0;1;0;;;;;;;;;;;;;;;;;;;;
1052;Wahrnehmungspsychologie;SC;Was besagt das Weber-Fechnersche Gesetz?;false;Die subjektiv empfundene Stärke von Sinneseindrücken ist proportional zum Logarithmus der objektiven Intensität des physikalischen Reizes.;Die subjektiv empfundene Stärke von Sinneseindrücken verhält sich proportional zum Alter der Testpersonen.;Es gibt keine Möglichkeit die subjektiv empfundene Stärke von Sinneseindrücken einzuordnen.;;;;;;;;;1;0;0;;;;;;;;;;;;;;;;;;;;;;
1053;Wahrnehmungspsychologie;SC;Was besagt die »Motorische Theorie der Sprachwahrnehmung«?;false;Die Sprachwahrnehmung hängt mit der Gestik zusammen.;Die Sprachwahrnehmung wird durch Motorik eingeschränkt.;Es gibt enge Verbindungen zwischen den Modulen zur Erzeugung und Wahrnehmung von Sprache.;;;;;;;;;0;0;1;;;;;;;;;;;;;;;;;;;;;;
1054;Wahrnehmungspsychologie;DD;Ordne die folgenden Funktionen in virtuellen Welten den Kategorien zu.;false;Rendering;Duftstoffe;Stereo-Graphik;Tastempfinden;Hall-Effekte;Beschleunigungen;Kraftrückkopplung;Stereo-Klang;;;;1;4;1;3;2;3;3;2;;;;Visuell;Akustisch;Haptisch;Olfaktorisch;;;;;;;;;;
1055;Wahrnehmungspsychologie;OD;Ordne die folgenden Sinne absteigend nach ihrem Einfluss.;false;Schmecken;Riechen;Sehen;Hören;Tasten;;;;;;;4;3;1;2;5;;;;;;;;;;;;;;;;;;;;
1056;Wahrnehmungspsychologie;SC;Welcher ist der älteste Sinn des Menschen?;false;Geschmackssinn;Geruchssinn;Sehsinn;Hörsinn;Tastsinn;;;;;;;0;1;0;0;0;;;;;;;;;;;;;;;;;;;;
1057;Wahrnehmungspsychologie;SC;Was demonstriert der sogenannte McGurk-Effekt?;false;Die Beeinflussung der Wahrnehmung von Sprachsignalen durch unbewusstes Lippenlesen.;Die Beeinflussung der Wahrnehmung von Sprachsignalen durch die Umgebung.;Die Beeinflussung der Wahrnehmung von Gesten durch die Lautstärke der parallel gehörten Sprachsignale.;Keines der drei oberen.;;;;;;;;1;0;0;0;;;;;;;;;;;;;;;;;;;;;
1058;Wahrnehmungspsychologie;MC;Welche der folgenden Sinne sind von der »Kontextabhängigkeit der Wahrnehmung« betroffen?;false;Sehsinn;Hörsinn;Geschmackssinn;;;;;;;;;1;1;1;;;;;;;;;;;;;;;;;;;;;;
1059;Wahrnehmungspsychologie;OD;Ordne die einzelnen Glieder der Kette des Wahrnehmungsprozesses absteigend nach ihrer Reihenfolge.;false;Gehirn;Reaktion;Nervensystem;Sinnesorgane;Empfindung;Bewertung;;;;;;3;6;2;1;4;5;;;;;;;;;;;;;;;;;;;
1060;Wahrnehmungspsychologie;TL;Ordne den deutschen Fachbegriffen ihre englischen Übersetzungen zu.;false;Stimuli;Law of Similarity;Virtual Realities;Perception;Body Sensation;Sensoric Adaption;Object Recognition;Optical Illusion;Binding Problem;Attentiveness;;2;4;3;1;5;10;8;9;6;7;;Wahrnehmung;Reize ;Virtuelle Welten;Gesetz der Ähnlichkeit;Körperempfindung;Bindungsproblem;Aufmerksamkeit;Objekterkennung;Optische Täuschung;Sensorische Anpassung;;;;
1061;Systemanalyse;DD;Ordne die Begriffe den Anwendungsgebieten zu. ;false;Finanzbuchhaltung;Lohn- und Gehaltsabrechnung;Textverarbeitung;Grafik;Datenbank;Tabellenkalkulation;Budgetrechnung;;;;;2;2;1;1;1;1;2;;;;;Persönliche Anwendung;Kommerzielle Anwendung;;;;;;;;;;;;
1062;Systemanalyse;TQ;Fülle den Lückentext aus.;false;Die Fähigkeit von Softwaresystemen auch unter außergewöhnlichen Bedingungen zu funktionieren fasst man unter dem Qualitätskriterum der ; ;zusammen. Die; ;umfasst die Einfachheit mit der die Benutzung von SW-Systemen, ihre Bedienung, das Bereitstellen von Eingabedaten, die Auswertung der Ergebnisse und das Wiederaufsetzen nach Bedienfehlern erlernt werden kann. Das Kriterium der; ;befasst sich mit der Eigenschaft, dass Softwarekomponenten teilweise oder ganz in neuen Anwendungen eingesetzt und iin diese ntegriert werden können. Die Leichtigkeit mit der SW-Produkte an Spezifikationsänderungen angepasst werden können, wird dem Kriterium der; ;zugeordnet.;;;2;1;4;3;;;;;;;;Benutzerfreundlichkeit;Robustheit;Erweiterbarkeit;Verifizierbarkeit;;;;;;;;;;
1063;Systemanalyse;OD;Ordne die Phasen der Softwareentwicklung von Anfang zum Ende.;false;Implementierung;Planung;Validierung;Installation;Definition;Entwurf;;;;;;4;1;5;6;2;3;;;;;;;;;;;;;;;;;;;
1064;Systemanalyse;MC;Sind die folgenden Aussagen wahr? Wenn ja, markiere sie.;false;Programmierung bzw. Codierung sind Bestandteil der Implementierung.;Abnahme, Einführung, Schulung, und das Rollout werden der Installation zugeordnet.;Die Erstellung des Lastenhefts und die Prüfung auf Durchführbarkeit werden der Definitionsphase zugeordnet.;Die Anforderungsanalyse, das Pflichtenheft und die Projektplanung sind Bestandteil der Definitionsphase.;Die Entwurfsphase besteht aus den Systemtests und Integrationstests.;;;;;;;1;1;0;1;0;;;;;;;;;;;;;;;;;;;;
1065;Systemanalyse;DD;Ordne die Begriffe den Vorgehensmodellen zu. ;false;Phasenmodell;Wasserfallmodell;Extreme Programmierung;V-Modell;Rational Unified Process;SCRUM;;;;;;1;1;3;2;2;3;;;;;;Klassisches Vorgehensmodell;Modernes Vorgehensmodell;Agiles Vorgehensmodell;;;;;;;;;;;
1066;Systemanalyse;MC;Markiere die wahren Aussagen.;false;Die Gliederung des Pflichtenhefts entspricht der Grundgliederung des Lastenhefts. Es handelt sich um eine Verfeinerung. ;Das Lastenheft ist ein verfeinertes Pflichtenheft.;Das Pflichtenheft enthält eine Zusammenfassung aller fachlichen Anforderungen, die das zu entwickelnde Software-Produkt aus der Sicht des Auftraggebers/Kunden erfüllen muss.;Insbesondere werden in einem Lastenheft alle nicht-formalisierbaren Anforderungen aufgeführt und ̈Entwicklungsprioritäten aus auftraggebersicht festgelegt.;Generell beschreibt das Pflichtenheft eher das »Was« anstatt das »Wie«.;;;;;;;1;0;1;0;1;;;;;;;;;;;;;;;;;;;;
1067;Systemanalyse;DD;Die allgemeinen Eigenschaften eines Pflichtenhefts lassen sich in sechs Kategorien untergliedern. Ordne zu. ;false;"Standardisiertes, gegliedertes Schema; meistens: textuell.";Auftraggeber, Auftragnehmer, Projektleiter, Systemanalytiker,Software-Entwickler etc.;Detaillierte verbale Beschreibung.;Zeitlich direkt nach der  Planungsphase.;Fachlicher Funktions-, Daten- und Leistungsumfang sowie die Qualitätsanforderungen.;;;;;;;1;3;5;2;4;;;;;;;Form;Zeitpunk;Auftraggeber;Inhalt;Sprache;;;;;;;;;
1068;Systemanalyse;MC;Sind die folgenden Aussagen wahr?;false;Ein Use Case beschreibt in der Fachsprache der Anwendung einen typischen Arbeitsablauf.;Ein Use Case besteht immer nur aus einer Aufgabe, welche von mehreren Akteuren durchgeführt wird, um ein Ziel zu erreichen bzw. ein messbares Ergebnis zu erzielen.;Ein Use Case ist der Teil eines Geschäftsprozesses, der die Benutzerinteraktion mit dem Software-System beschreibt.;Ziel des Use Cases ist die Aufnahme des IST – Zustandes (Arbeitsablauf ohne das zukünftige System) und die Aufnahme des SOLL- Zustandes (Arbeitsablauf mit Unterstützung des zukünftigen Systems).;Die Beschreibung erfolgt immer in HTML. Das ist der Standard.;;;;;;;1;0;1;1;0;;;;;;;;;;;;;;;;;;;;
1069;Systemanalyse;DD;Ordne zu. ;false;Verzweigung von Hauptprozess A in Prozess B.;Ist Prozess B beendet, Zurückkehren zu Prozess A.;Modellierung selbständiger Unterprozesse.;Wiederverwendung in anderen Geschäftsprozessen.;Analog Unterprogramm in Programmiersprachen.;Verlagerung komplexer Sonderfälle in einen Erweiterungsprozess.;;;;;;1;1;2;2;2;1;;;;;;Extend Beziehung;Include Beziehung;;;;;;;;;;;;
1070;Systemanalyse;MC;Sind die folgenden Aussagen über UML wahr? ;false;Es existieren verschiedene Diagrammtypen (statisches vs. dynamisches Modell).;UML ist programmiersprachenabhängig.;Alle Softwaresysteme sind mit Hilfe von UML darstellbar.;;;;;;;;;1;0;1;;;;;;;;;;;;;;;;;;;;;;
1071;Systemanalyse;DD;Ordne die Sätze den Begriffen zu. ;false;Sie beschreiben das Verhalten von Objekten und sind zuständig für Änderungen oder Abfrage des Zustandes eines Objektes.;Beschreiben Dinge, Personen oder Begriffe der realen Welt (sog. Entitäten) mit ihren Attributinstanzen.;Beschreiben Gruppen von Objekten mit ihren gemeinsamen Attributen und Operationen.;;;;;;;;;1;3;2;;;;;;;;;Methoden;Klassen;Objekte;;;;;;;;;;;
1072;Systemanalyse;MC;Sind die folgenden Aussagen wahr?;false;Die Reihenfolge der Objekte im Sequenzdiagramm spielt keine Rolle (möglichst übersichtlich).;Sequenzdiagramme veranschaulichen Interaktionen zwischen Objekten im zeitlichen Verlauf.;Sequenzdiagramm und Klassendiagramm eines Objektmodells müssen stets unterschiedlich sein.;Das Kommunikationsdiagramm ist eine Alternative zum Objektdiagramm.;Ein Aktivitätsdiagramm ist eine Sonderform des Zustandsdiagramms.;Ein Kommunikationsdiagramm hebt die Verbindungen zwischen Objekten hervor.;;;;;;1;1;0;0;1;1;;;;;;;;;;;;;;;;;;;
1073;Systemanalyse;TQ;Fülle den Lückentext aus.;false;Das;;dient zur Ablaufbeschreibung eines Systems. Dieses Diagramm dient zur Beschreibung zeitlicher Abläufe bei der Interaktion zwischen ausgewählten Objekten. Es handelt sich hierbei um ein;;. Bei einem;;sind Attributwerte außerhalb des Objekts nicht sichtbar. Ein Merkmal des;;ist, dass eine Klasse Attribute und die Operationen ihrer Objekte definiert.;;;2;1;4;3;;;;;;;;Sequenzdiagramm;Aktivitätsdiagramm;Klassendiagramms;Objektdiagramm;;;;;;;;;;
1074;Systemanalyse;MC;Markiere die wahren Aussagen.;false;Die Komposition ist eine starke Form der Aggregation.;Das Teilobjekt ist zu einem Zeitpunkt mehreren Aggregatobjekten zugeordnet.;Ein Teilobjekt kann mehreren Aggregatobjekten zugeordnet werden.;;;;;;;;;1;0;1;;;;;;;;;;;;;;;;;;;;;;
1075;Systemanalyse;TL;Ordne den deutschen Fachbegriffen ihre englischen Übersetzungen zu.;false;Aggregation;Requirement Analysis;Application Software;Robustness;Specification Book;Process Models;Sequence Diagram;Composition;Commercial Application;Extensibility;;10;6;5;7;2;4;9;8;3;1;;Erweiterbarkeit;Pflichtenheft;Kommerzielle Anwendung;Vorgehensmodelle;Anwendungssoftware;Anforderungsanalyse;Robustheit;Komposition;Sequenzdiagramm;Aggregation;;;;
1076;investition;MC;Was kennzeichnet Investitionen?;false;Langfristigkeit;Kurzfristigkeit;Mehrere Kapitalgeber;Interdependenz;Keine Kapitalbindung;Hohe Kapitalbindung;;;;;;1;0;0;1;0;1;;;;;;;;;;;;;;;;;;;
1077;investition;SC;Beurteile folgende Aussage: Investitionsrechnungen orientieren sich immer an monetären Zielen.;false;Wahr;Falsch;;;;;;;;;;1;0;1;;;;;;;;;;;;;;;;;;;;;;
1078;investition;SC;Wie ist eine Investition definiert?;false;Eine betriebliche Tätigkeit, die zu unterschiedlichen Zeitpunkten t Aus- und Einzahlungen verursacht, wobei dieser Vorgang immer mit einer Auszahlung beginnt;Mittel- bis langfristige Überlassung von Anlagengegenständen gegen Zahlung eines Nutzungsentgelts;Ein Wertpapier eigener Art;Zahlungsreihe, die in der Regel mit einer Einzahlung beginnt;;;;;;;;1;0;0;0;;;;;;;;;;;;;;;;;;;;;
1079;investition;DD;Um welche Investitionsart handelt es sich? Ziehe alle Elemente in das richtige Feld.;false;Erwerb von Wertpapieren;Kauf einer neuen Maschine;;Schulungen;Marketing Maßnahmen;;;;;;;1;3;2;2;;;;;;;;Spekulative Finanzinvestition;Immaterielle Sachinvestition;Materielle Sachinvestition;;;;;;;;;;;
1080;investition;SC;Um welchen Investitionsanlass handelt es sich beim Ersatz von Arbeitskräften durch eine neue Maschine?;false;Ersatzinvestition-identischer Ersatz;Ersatzinvestition-Rationalisierungsinvestition;Erweiterungsinvestition;Einrichtungsinvestition;;;;;;;;0;1;0;0;;;;;;;;;;;;;;;;;;;;;
1081;investition;MC;Welche Vorteile hat die Kostenvergleichsrechnung?;false;Einfache Anwendung;Sagt aus, ob die Investition rentabel ist;Berücksichtigt Qualitätsunterschiede;Anwendbar beiAlternativenvergleich;;;;;;;;1;0;0;1;;;;;;;;;;;;;;;;;;;;;
1082;investition;SC;Beurteile folgende Aussage: Bei der Kostenvergleichsrechnung sind die Kapitalkosten und Betriebskosten zu berücksichtigen.;false;Wahr;Falsch;;;;;;;;;;1;0;;;;;;;;;;;;;;;;;;;;;;;
1083;investition;MC;Welche Vorteile hat die Gewinnvergleichsrechnung?;false;Einfache Anwendung;Einbeziehung des Erlöses einer Investition;Berücksichtigt Qualitätsunterschiede;Unproblematisch bei unterschiedlichen Nutzungsdauern;;;;;;;;1;1;0;0;;;;;;;;;;;;;;;;;;;;;
1084;investition;TQ;;false;;;;;;;;;;;;;;;;;;;;;;;;;;;;;;;;;;;;
1085;investition;SC;Welche Menge muss mindestens abgesetzt werden, damit keine Verluste erzielt werden?;false;Keine;Break-Even-Menge;Maximale Produktionsmenge;Minimale Produktionsmenge;;;;;;;;0;1;0;0;;;;;;;;;;;;;;;;;;;;;
1086;investition;SC;Beurteile folgende Aussage: Der Gewinn bei Break-Even-Menge ist größer 0.;false;Wahr;Falsch;;;;;;;;;;0;1;;;;;;;;;;;;;;;;;;;;;;;
1087;investition;SC;Beurteile folgende Aussage: Bei den dynamischen Investitionsrechnungen werden mehrere Perioden betrachtet.;false;Wahr;Falsch;;;;;;;;;;1;0;;;;;;;;;;;;;;;;;;;;;;;
1088;investition;SC;Wie ist der Kapitalwert definiert?;false;Positive Differenz aus Erträgen und Aufwendungen;Gewinn nach Abzug von Steuern;Kennziffer der dynamischen Investitionsrechnung - Summe der Barwerte einer Investition;Summe der materiellen und immateriellen Güter eines Unternehmens;;;;;;;;0;0;1;0;;;;;;;;;;;;;;;;;;;;;
1089;investition;DD;Handelt es sich um ein statisches oder dynamisches Investitionsrechenverfahren? Ziehe alle Elemente in das richtige Feld.;false;Kostenvergleichsrechnung;Dynamische Amortisationsdauer;Gewinnvergleichsrechnung;Annuitätenmethode;Kapitalwertmethode;Rentabilitätsrechnung;Amortisationsrechnung;Interner Zinsfuß;;;;1;2;1;2;2;1;1;2;;;;Statische;Dynamische;;;;;;;;;;;;
1090;investition;TL;;false;;;;;;;;;;;;;;;;;;;;;;;;;;;;;;;;;;;;
1091;bilanzierung;MC;Welche Merkmale treffen auf das externe Rechnungswesen zu?;false;Frei von gesetzlichen Vorschriften;Vergangenheitsbezogen;An gesetzliche Vorschriften gebunden;Freie Gestaltung;Aufgaben: Dokumentation, Rechenschaftslegung, Information, Kontrolle;Zukunftsbezogen;Aufgaben: Kostenrechnung, Planungsrechnung;;;;;0;1;1;0;1;0;0;;;;;;;;;;;;;;;;;;
1092;bilanzierung;TQ;;false;;;;;;;;;;;;;;;;;;;;;;;;;;;;;;;;;;;;
1093;bilanzierung;DD;Ordne folgende Positionen der jeweiligen Bilanzseite zu!;false;Forderungen;Rückstellungen;Maschinen;Gezeichnetes Kapital;Grundstücke;Darlehen;Kapitalrücklagen;Gebäude;Gewinnrücklagen;Fuhrpark;;1;2;1;2;1;2;2;1;2;1;;Aktiva;Passiva;;;;;;;;;;;;
1094;bilanzierung;TQ;;false;;;;;;;;;;;;;;;;;;;;;;;;;;;;;;;;;;;;
1095;bilanzierung;MC;Welche der folgenden Geschäftsvorfälle sind erfolgswirksam?;false;Rohstoffeinkauf in bar;Zahlung einer Verbindlichkeit;Verkauf von eigenen Erzeugnissen auf Ziel;Aufnahme eines Darlehens;Rohstoffe gehen in die Produktion;Maschine wird abgeschrieben;Miete für Lagerhalle wird bezahlt;Darlehenszinsen werden gezahlt;;;;0;0;1;0;1;1;1;1;;;;;;;;;;;;;;;;;
1096;bilanzierung;SC;Was gehört nicht zu einem Jahresabschluss nach HGB?;false;Bilanz;Lagebericht;Anhang (bei Kapitalgesellschaften);Gewinn- und Verlustrechnung;;;;;;;;0;1;0;0;;;;;;;;;;;;;;;;;;;;;
1097;bilanzierung;DD;Kapitalgesellschaft oder Personengesellschaft? Ordne zu.;false;KGaA;KG;OHG;AG;GmbH;GbR;;;;;;1;2;2;1;1;2;;;;;;Kapitalgesellschaft;Personengesellschaft;;;;;;;;;;;;
1098;bilanzierung;TQ;;false;;;;;;;;;;;;;;;;;;;;;;;;;;;;;;;;;;;;
1099;bilanzierung;SC;Welche Komponente zählt nicht zu den Anschaffungskosten nach §255 HGB?;false;Anschaffungspreis;Umsatzsteuer;Anschaffungsnebenkosten;Nachträgliche Anschaffungsnebenkosten;Anschaffungspreisminderungen;Vertriebskosten/ Sondereinzelkosten des Vertriebs;;;;;;0;1;0;0;0;0;;;;;;;;;;;;;;;;;;;
1100;bilanzierung;DD;Aktivierungspflicht, -wahlrecht oder -verbot? Ordne zu.;false;Sondereinzelkosten der Fertigung;Material- und Fertigungsgemeinkosten;Fertigungseinzelkosten;Fremdkapitalkosten (bedingt);Forschungskosten;Aufwendungen für soziale Einrichtungen;Leerkosten (Kosten der U>nterbeschäftigung);Materialeinzelkosten;Allgemeine Verwaltungskosten;;;1;1;1;2;3;2;3;1;2;;;Pflicht;Wahlrecht;Verbot;;;;;;;;;;;
1101;bilanzierung;TQ;;false;;;;;;;;;;;;;;;;;;;;;;;;;;;;;;;;;;;;
1102;bilanzierung;MC;Welche Aussagen über HGB und IFRS sind korrekt?;false;Für Vorräte gilt nach HGB das strenge Niederstwertprinzip (Abschreibungspflicht), während unter IFRS nur dann abgeschrieben werden muss, wenn die Erzeugnisse nicht mit Gewinn verkauft werden können.;Sowohl unter HGB als auch unter IFRS dürfen Kosten der allgemeinen Verwaltung und der Aufwendungen für soziale Einrichtungen in die Herstellungskosten miteinberechnet werden.;Das LiFo-Verfahren ist unter HGB zulässig, nicht aber unter IFRS.;Nach einer außerplanmäßigen Abschreibung darf bei einer Wertaufholung unter HGB über die fortgeführten Anschaffungskosten zugeschrieben werden, unter IFRS nicht.;Fremdkapitalkosten müssen unter IFRS in die Herstellungskosten miteinberechnet werden, während unter HGB ein Wahlrecht besteht.;;;;;;;1;0;1;0;1;;;;;;;;;;;;;;;;;;;;
1103;bilanzierung;DD;Ordne folgende Kennzahlen richtig zu:;false;Gewinn/ durchschnittliches EK;Fremdkapital/ Gesamtkapital;Fremdkapital/ Eigenkapital;Jahresergebnis/ Umsatzerlöse;Jahresergebnis/ durchschnittliches Gesamtkapital;;;;;;;2;4;1;5;3;;;;;;;Verschuldungsgrad;EK-Rentabilität;ROI;Fremdkapitalquote;Umsatzrentabilität;;;;;;;;;
1104;bilanzierung;TL;;false;;;;;;;;;;;;;;;;;;;;;;;;;;;;;;;;;;;;
1105;scm;TQ;;false;;;;;;;;;;;;;;;;;;;;;;;;;;;;;;;;;;;;
1106;scm;MC;Welcher Begriff gehört nicht zu den drei Key Flows des Supply Chain Managements?;false;Informationen;Ressourcen;Personal;Finanzielle Mittel;;;;;;;;0;0;1;0;;;;;;;;;;;;;;;;;;;;;
1107;scm;TQ;;false;;;;;;;;;;;;;;;;;;;;;;;;;;;;;;;;;;;;
1108;scm;TQ;;false;;;;;;;;;;;;;;;;;;;;;;;;;;;;;;;;;;;;
1109;scm;MC;In welche Arten können Prozesse in einem Unternehmen eingeteilt werden?;false;wertschöpfend;nicht wertschöpfend;nicht wertschöpfend, aber notwendig;;;;;;;;;1;1;1;;;;;;;;;;;;;;;;;;;;;;
1110;scm;TQ;;false;;;;;;;;;;;;;;;;;;;;;;;;;;;;;;;;;;;;
1111;scm;SC;Welcher dieser Begriffe gehört nicht zu Inventartypen?;false;Rohwaren;Fertigwaren;Betriebsstoffe;Kapital;;;;;;;;0;0;0;1;;;;;;;;;;;;;;;;;;;;;
1112;scm;SC;Über welches IT-System findet der Informationsaustausch mit Kunden und Lieferanten statt?;false;ERP-System;CRM-System;EDI-System;Dokumentenverwaltungssystem;;;;;;;;0;0;1;0;;;;;;;;;;;;;;;;;;;;;
1113;scm;DD;Welche der folgenden Aspekte sind wertschöpfend und welche nicht? Ordne zu.;false;Kostenreduzierung;Lieferzeitreduzierung;Serviceverbesserung;Qualitätsverbesserung;Kundenzufriedenheit;Steuerreduzierung;;;;;;1;1;1;1;2;2;;;;;;wertschöpfend;nicht wertschöpfend;;;;;;;;;;;;
1114;scm;TQ;;false;;;;;;;;;;;;;;;;;;;;;;;;;;;;;;;;;;;;
1115;scm;MC;Kreuze die Begriffe an, die zu den 5P's einer Strategie zugeordnet werden können!;false;Plan;Pattern;Position;Perspective;Ploy;;;;;;;1;1;1;1;1;;;;;;;;;;;;;;;;;;;;
1116;scm;SC;________ means doing the right things to create the most benefit for the company.;false;Effectiveness;Value;Efficiency;Productivity;;;;;;;;0;0;1;0;;;;;;;;;;;;;;;;;;;;;
1117;scm;SC;Was ist der Break-Even-Point?;false;Der Punkt des maximalen Profits;Der Punkt der minimalen Kosten;Der Punkt an dem sich Kosten und Profit ausgleichen;;;;;;;;;0;0;1;;;;;;;;;;;;;;;;;;;;;;
1118;scm;SC;Bei welcher Art von Firmen kann man Supply Chain Strategien anwenden?;false;Produktion;Service;öffentliche Wirtschaft;bei allen genannten;;;;;;;;0;0;0;1;;;;;;;;;;;;;;;;;;;;;
1119;scm;TL;;false;;;;;;;;;;;;;;;;;;;;;;;;;;;;;;;;;;;;
1120;itsm;MC;Die Vorgehensweise von ITIL ist..;false;technikorierntiert;serviceorientiert;prozessorientiert;objektorientiert;;;;;;;;0;1;1;0;;;;;;;;;;;;;;;;;;;;;
1121;itsm;MC;Welche Teilprozesse existieren im Capacity Management?;false;Business Capacity;Component Capacity;Service Capacity;Revenue Capacity;;;;;;;;1;1;1;0;;;;;;;;;;;;;;;;;;;;;
1122;itsm;SC;Die Umsetzung von ITIL ist ein…;false;De-facto-Standard;De-jure-Standard;;;;;;;;;;1;0;;;;;;;;;;;;;;;;;;;;;;;
1123;itsm;SC;Beurteile folgende Aussage: Continual Service Improvement beschäftigt sich nicht mit der Verbesserung der IT-Services, sondern der sie erbringenden Prozesse.;false;Wahr;Falsch;;;;;;;;;;1;0;;;;;;;;;;;;;;;;;;;;;;;
1124;itsm;SC;Welche Alternative zu ITIL könnte die IMBIT Krake nutzen?;false;COBIT;ITMS;IMBIT;EBIT;;;;;;;;1;0;0;0;;;;;;;;;;;;;;;;;;;;;
1125;itsm;SC;Was bestimmt den Nutzen eines IT Services?;false;Service Entity & Timeframe;Availability, Warranty & Timeframe;Utility, Warranty & Cost;Cost, Utility & Availability;;;;;;;;0;0;1;0;;;;;;;;;;;;;;;;;;;;;
1126;itsm;SC;Nach welchen Kriterien sollte die IMBIT Krake den Service Catalogue sortieren?;false;Technische Kriterien;Logistische Kriterien;Finanzielle Kriterien;Kunden Kriterien;;;;;;;;0;0;0;1;;;;;;;;;;;;;;;;;;;;;
1127;itsm;DD;Ordne dem Process Owner und Process Manager die jeweiligen Aufgaben und Verantwortlichkeiten zu.;false;Prozessziele festlegen;Einhaltung von KPIs überwachen;Definition des Prozesses;Operative Ressourcenplanung;;;;;;;;1;2;1;2;;;;;;;;Process Owner;Process Manager;;;;;;;;;;;;
1128;itsm;DD;Ordne die folgenden Prozesse ihren ITIL Bänden zu:;false;Service Level Management;IT Service Continuity;Service Portfolio Management;Service Asset & Configuration Management;Financial Management;Demand Management;Incident Management;Release Management;Capacity Management;Request Fulfillment;;2;2;1;3;1;1;4;3;2;4;;Service Strategy;Service Design;Service Transition;Service Operation;;;;;;;;;;
1129;itsm;DD;Ordne die folgenden Rahmenvereinbarungen ihren jeweiligen Vertragspartner zu:;false;Service Level Agreement (SLA);Operation Level Agreement (OLA);Underpinning Contract (UP);;;;;;;;;2;1;3;;;;;;;;;Interne Einheiten;Kunden;Lieferanten;;;;;;;;;;;
1130;itsm;DD;Ordne die folgenden Attribute den Asset Management und dem Configuration Management zu.;false;Personalnummer;Standort;Prozessor;Abschreibungsbetrag;Betriebssystem;Netzwerkanbindung;Kostenstelle;IT-Service;;;;1;2;3;1;3;3;1;2;;;;Asset Management;Schnittstelle;Configuration Management;;;;;;;;;;;
1131;itsm;TQ;;false;;;;;;;;;;;;;;;;;;;;;;;;;;;;;;;;;;;;
1132;itsm;TQ;;false;;;;;;;;;;;;;;;;;;;;;;;;;;;;;;;;;;;;
1133;itsm;OD;Recovery Management: Ordne die folgenden Wiederherstellungsoptionen für den Katastrophenfall nach vorraussichlicher Downtime.;false;Warm Standby;Cold Standby;Immediate Recovery;Hot Standby;;;;;;;;2;1;4;3;;;;;;;;;;;;;;;;;;;;;
1134;itsm;TL;;false;;;;;;;;;;;;;;;;;;;;;;;;;;;;;;;;;;;;
1135;porter;MC;Aus welchen elementaren Bausteinen besteht die Value Chain?;false;Gewinnspanne;Primäraktivitäten;Geschäftsprozesse;sekundäre Aktivitäten;Strategie-Beratung;;;;;;;1;1;0;1;0;;;;;;;;;;;;;;;;;;;;
1136;porter;DD;Ordne folgende Begriffe zu:;false;Einkauf und Beschaffung;Produktion;Personalwirtschaft;Marketing und Vertrieb;Kundenservice;;;;;;;2;3;4;5;1;;;;;;;Customer Relationship Management;Procurement;Production Planning;HR;Sales Distribution;;;;;;;;;
1137;porter;DD;Sind folgende Aktivitäten primär oder sekundär?;false;Eingangslogistik;Beschaffung;Ausgangslogistik;Technologieentwicklung;Marketing;Personalwirtschaft;Produktion;Unternehmensinfrastruktur;Kundendienst;;;1;2;1;2;1;2;1;2;1;;;Primäre Aktivitäten;Sekundäre Aktivitäten;;;;;;;;;;;;
1138;porter;SC;Welche der folgenden Aussagen ist wahr?;false;Es gibt keinen Unterschied zwischen sekundären und primären Aktivitäten.;Primäraktivitäten sind die Tätigkeiten, die einen direkten wertschöpfenden Beitrag zur Erstellung eines Produktes oder einer Dienstleistung liefern. Sekundäre Aktivitäten sind Tätigkeiten, die für die Ausübung der primären Aktivitäten die notwendige Voraussetzung sind. Sie liefern somit einen indirekten Beitrag zur Erstellung eines Produktes oder einer Dienstleistung.;Sekundäre Aktivitäten  sind die Tätigkeiten, die einen direkten wertschöpfenden Beitrag zur Erstellung eines Produktes oder einer Dienstleistung liefern. Primäre Aktivitäten sind Tätigkeiten, die für die Ausübung der sekundären Aktivitäten die notwendige Voraussetzung sind. Sie liefern somit einen indirekten Beitrag zur Erstellung eines Produktes oder einer Dienstleistung.;;;;;;;;;0;1;0;;;;;;;;;;;;;;;;;;;;;;
1139;porter;MC;Welche der folgenden Aussagen sind wahr?;false;Die Value Chain von Michale Porter stellt die Stufen der Produktion als eine geordnete Reihung von Tätigkeiten dar.;Die Wertschöpfungskette besteht aus primären Aktivitäten wie beispielsweise der Personalwirtschaft und sekundären Aktivitäten wie beispielsweise Marketing und Vertrieb.;Die Portersche Value Chain setzt sich aus den einzelnen Wertaktivitäten und der Gewinnspanne zusammen. Wertaktivitäten sind Tätigkeiten, die zur Herstellung eines Produktes oder einer Dienstleistung erbracht werden. Die Gewinnspanne ist der Unterschied zwischen dem Ertrag, den dieses Produkt erbringt, und den eingesetzten Ressourcen.;;;;;;;;;1;0;1;;;;;;;;;;;;;;;;;;;;;;
1140;porter;MC;Aus welchen fünf Kräften besteht das Five Forces Model von Michael Porter?;false;Zulieferer;Marketing;Vertrieb;Kunden;After-Sales Service;Ersatzprodukte;Export und Import;Potenzielle Mitbewerber;Mitbewerber Rivalität;;;1;0;0;1;0;1;0;1;1;;;;;;;;;;;;;;;;
1141;porter;DD;Ordne folgende Begriffe zu:;false;Bedrohung durch Substitutionsprodukte;Bedrohung durch neue Anbieter;Verhandlungsstärke der Lieferanten;Verhandlungsstärke der Abnehmer;Rivalität unter den bestehenden Wettbewerbern;;;;;;;2;5;1;3;4;;;;;;;Zulieferer;Ersatzprodukte;Kunden;Mitbewerber Rivalität;Potenzielle Mitbewerber;;;;;;;;;
1142;porter;DD;Ordne folgende Begriffe zu:;false;Ein Frucht- und Kräuterlieferant eines Bionadeherstellers könnte damit drohen, die Rohstoffe selbst zu einer Limonade zu verarbeiten.;Siruphersteller: Mittels Sirup lässt sich Leitungswasser zu einem geschmackhaltigen Erfrischungsgetränk aufwerten, welches ein Substitut für Softdrinks darstellt.;Ein Großabnehmer könnte die Softdrink Preise in gewisser Weise drücken, und damit drohen anstelle von Softdrink-Automaten, frischgepresste Säfte auszuschenken.;Coca Cola hat einen sehr großen Bekanntheitsgrad und befindet sich im Kühlschrank vieler Kunden. Um als Mitbewerber in den Markt einzutreten sind erhöhte Werbekosten nötig, um das eigene Produkt dem Kunden schmackhaft zu machen.;Die Rivalität in dem deutschen Getränkemarkt ist groß. Die Gesellschaft altert und ein großes Marktwachstum ist nicht erkennbar. Es sind einige „Bigplayer“ wie bspw. CocaCola  am Markt vertreten welche über eine hohe Kundenloyalität und hohe Werbebudgets verfügen.;;;;;;;1;2;3;4;5;;;;;;;Zulieferer;Ersatzprodukte;Kunden;Potenzielle Mitbewerber;Mitbewerber Rivalität;;;;;;;;;
1143;porter;MC;Welche der folgenden Aussagen sind wahr?;false;Das Five Forces Modell basiert darauf, dass die Attraktivität einer Branche durch die Ausprägung der fünf wesentlichen Wettbewerbskräfte bestimmt wird.;Je geringer die Bedrohung der Five Forces ist, desto unattraktiver ist die betrachtete Branche und desto schwieriger ist es, einen nachhaltigen Wettbewerbsvorteil zu erzielen.;Die Five Forces werden nie für die gesamte Branche betrachtet.;Unternehmen sollten eher versuchen, in einer Branche mit attraktiver Branchenstruktur tätig zu sein und eine verteidigungsfähige Position in ihrer Branche aufzubauen, also eine Position in der die fünf Wettbewerbskräfte eine möglichst wenig bedrohliche Ausprägung aufweisen.;;;;;;;;1;0;0;1;;;;;;;;;;;;;;;;;;;;;
1144;porter;DD;Ordne folgende Begriffe zu:;false;Einzigartigkeit;Gesamtmarkt;Teilmarkt;Kostenvorsprung;;;;;;;;2;1;1;2;;;;;;;;Wettbewerbsbreite;strategischer Vorteil;;;;;;;;;;;;
1145;porter;TQ;;false;;;;;;;;;;;;;;;;;;;;;;;;;;;;;;;;;;;;
1146;porter;DD;Ordne folgende Begriffe zu:;false;Konstant hohe Geschwindigkeit;Permanente Innovationen;Größenvorteile;Kostenvorteile durch Beschränkung auf ein Segment;Standortvorteile;Automatisierung;Zeitvorteile;Flexibilität;;;;1;1;3;2;1;3;3;2;;;;Differenzierungsvorteile;Nischenvorteile;Kostenvorteile;;;;;;;;;;;
1147;porter;MC;Welche der folgenden Aussagen sind wahr?;false;Die Wettbewerbsstrategie nach Porter gehört zu den Basisstrategien der Unternehmensentwicklung und definiert wie sich ein Unternehmen gegenüber dem Wettbewerb positioniert.;Bei der Strategie der Kostenführerschaft wird angestrebt, der Anbieter auf dem Markt mit dem höchsten Preis zu sein oder zu werden.;Bei der Strategie der Differenzierung soll laut Porter ein Leistungsvorteil erarbeitet werden. Die Produkte oder Dienstleistungen sollen  fast identische Eigenschaften aufweisen.;Das Hauptaugenmerk der Wettbewerbsstrategien nach Porter richtet sich dabei auf die Wettbewerber. Ziel ist eine gefestigte Branchenposition.;;;;;;;;1;0;0;1;;;;;;;;;;;;;;;;;;;;;
1148;porter;DD;Ordne folgende Begriffe zu:;false;Unternehmen können einen entscheidenden Konkurrenzvorteil durch minimal gehaltene Kostenstrukturen erreichen.;In dieser Strategie ist es möglich die Produkte günstiger anzubieten als die Konkurrenz.;Produkte und die Servicedienstleistungen sind bei der Strategie gekennzeichnet durch eine klare Unique Selling Position, die sich deutlich vom bestehenden Angebot am Markt differenzieren.;Strategie kann mit verschiedenen Taktiken umgesetzt werden wie bspw. durch besondere Produkteigenschaften oder Preisführerschaft.;Unternehmen positioniert innerhalb eines spezifischen Teil- oder Nischenmarktes.;Konkurrenzvorteil entsteht durch Avisierung eines engen Marktsegments mit genau definierter Zielgruppe.;;;;;;1;1;2;2;3;3;;;;;;Kostenführerschaft;Differenzierung;Fokussierung;;;;;;;;;;;
1149;porter;TL;;false;;;;;;;;;;;;;;;;;;;;;;;;;;;;;;;;;;;;
1150;Betriebssysteme;SC;Welche dieser Funktionen ist keine Basisfunktion des Kernels ;false;open;write;move;print;read;;;;;;;0;0;1;0;0;0;;;;;;;;;;;;;;;;;;;
1151;Betriebssysteme;DD;Unterscheide die monolithische Betriebssystemsarchitektur ;false;Answer1;Anwendungsprogramme, Systemaufruf, Dateisystem und Basisfunktionen sind in jeweils einzelne Schichten aufgeteilt und alle Teil des Betriebssystems. Ziel ist eine Kapselung hardwareunabhängiger Teile des Systems.;Alle Systemdienste werden auf mehrere Programme verteilt, welche bei Anwendung in den Prozessor geladen werden. Nur die Basisfunktionen des Betriebssystems sind dauerhaft im Prozessor verfügbar.;Answer4;Answer5;Answer6;Answer7;Answer8;Answer9;;;1;2;;;;;1;2;0;;;monolithisch;modularisiert;;;;;;;;;;;;
1152;Betriebssysteme;MC;Welchen Zustand kann ein Prozess annehmen?;false;;Blockiert;alt;gesättigt;terminiert;neu;;;;;;1;0;0;1;1;;;;;;;;;;;;;;;;;;;;
1153;Betriebssysteme;DD;Unterscheide zwischen abhängigen und unabhängigen Prozessabläufen!;false;Nutzung gemeinsamer Speicherbereiche oder Peripheriegeräte;parallel ausführbare Benutzeraufträge, die sich nicht gegenseitig beeinflussen;;;;;;;;;;1;2;;;;;;;;;;abhängig;unabhängig;;;;;;;;;;;;
1154;Betriebssysteme;MC;Welche der folgenden Begriffe können zu einem Deadlock führen?;false;Prozess;Software;Ressourcenanfrage;Trojaner;;;;;;;;1;0;1;0;;;;;;;;;;;;;;;;;;;;;
1155;Betriebssysteme;SC;Welcher dieser Begriffe ist nicht dazu geeignet die Speicherverwaltung zu erklären?;false;Logischer Adressraum;Speicher;Physikalischer Adressraum;Prozess;Kernel;;;;;;;0;0;0;0;1;;;;;;;;;;;;;;;;;;;;
1156;Betriebssysteme;OD;Wie funktioniert das sogenannte Paging?;false;Logischer Adressraum wird in Seiten aufgeteilt;Nach Zuordnung wird der Prozess im Rahmen des Hauptspeichers ausgeführt;Jede Seite erhält eine Zuordnung zu einem Rahmen;Hauptspeicher wird in Blöcke fester Größen eingeteilt;;;;;;;;4;1;3;2;;;;;;;;;;;;;;;;;;;;;
1157;Betriebssysteme;MC;Welche sind Ziele einer optimalen Prozessorverwaltung und welche nicht?;false;Fairness bei der Abarbeitung von Prozessen;Stapelbetrieb;Prozessdurchsatz;Abnutzung des Prozessors verhindern;;;;;;;;1;0;1;0;;;;;;;;;;;;;;;;;;;;;
1158;Betriebssysteme;OD;Ordne die Begriffe nach dem Ebenenmodell von links nach rechts! Beginne mit der obersten Ebene;false;BS-Ebene;höhere Programmiersprachen;digitale Logikebene;Assemblersprachen;Mikroprogramm-Ebene;koventionelle Maschinenebene;;;;;;2;4;1;6;5;3;;;;;;;;;;;;;;;;;;;
1159;Betriebssysteme;MC;Was sind Ziele von Sicherheitsmaßnahmen im Betriebssystem? Kreuze an!;false;Vetraulichkeit von Daten;Schutz vor physischen Schäden am Computer;Schutz vor Missbrauch und kriminellen Handlungen;Schutz vor jugendgefährdenen Medien;;;;;;;;1;0;1;0;;;;;;;;;;;;;;;;;;;;;
1160;Comsys;DD;Was beschreibt eine verbindungslose und eine verbindungsorientierte Kommunikation?;false;Verbindung vor der Kommunikation;Keine Empfangsbestätigung;Bytestrom in Segmenten;Keine Verbindung vor der Kommunkation;Neue Verbindung bei Fehler;Unabhängige Nachrichtenübertragung;Datenstrom reguliert;;;;;1;2;1;2;1;2;1;;;;;Verbindungsorientiert;Verbindungslos ;;;;;;;;;;;;
1161;Comsys;DD;Welche Funktionen haben folgende Schichten im ISO/OSI-Referenzmodell? (Teil 1);false;Routing der Datenpakete;Physische Sicht;Segmentierung der Pakete in Frames;Netwerk-Schicht;Hinzufügen von Prüfsummen;Umwandlung der Bits in Signal ;Data Link;physikalische Übertragung ;;;;3;1;2;3;2;1;2;1;;;;1. Schicht;2. Schicht;3. Schicht;;;;;;;;;;;
1162;Comsys;DD;Welche Funktionen haben folgende Schichten im ISO/OSI-Referenzmodell? (Teil 2);false;Kommunikation;Umwandlung in unabhängige Format;Transport;Dateneingabe und -ausgabe;Steuerung der Verbindung;Anwendung;Zuordnung der Datenpakete ;Darstellung;;;;2;3;1;4;2;4;1;3;;;;4. Schicht;5. Schicht;6. Schicht;7. Schicht;;;;;;;;;;
1163;Comsys;SC;Was versteht man unter Datenkapselung im ISO-/OSI-Modell?;false;Die zu versendenen Daten werden vor dem Zugriff von außen geschützt;Die zu versendenden Daten werden mit Informationen ergänzt;Die zu versendenden Daten werden vom Stromkreis getrennt;;;;;;;;;0;1;0;;;;;;;;;;;;;;;;;;;;;;
1164;Comsys;SC;Was ist ein Socket im Kontext von Kommunikationssystemen?;false;Ein logischer Endpunkt einer Verbindung;Ein semantischer Knoten in einer Verbindung;Ein Steckplatz für Computerprozessoren;;;;;;;;;1;0;0;;;;;;;;;;;;;;;;;;;;;;
1165;Comsys;SC;Multiplexing und Demultiplexing beschreiben welchen Vorgang?;false;Das Verstärken von Leistungssignalen in einem kabelgebundenen Netzwerk;Das Verschlüsseön und Entschlüsseln von Daten in einem Heimnetzwerk;Das Packen und Entpacken von Daten verschiedener Sockets;;;;;;;;;0;0;1;;;;;;;;;;;;;;;;;;;;;;
1166;Comsys;SC;Was trifft auf das Netzwerkprotokoll UDP zu?;false;UDP baut vor dem Senden der Daten eine Verbindung auf und hat eine Fehlerkontrolle;UDP ist verbindungslos und hat keine Fehlerkontrolle;;;;;;;;;;0;1;;;;;;;;;;;;;;;;;;;;;;;
1167;Comsys;MC;Welche Aussagen treffen auf ein Netzwerk in Ringstruktur zu?;false;Alle Teilnehmer werden an einen zentralen Knoten angeschlossen;Bei Ausfall eines Knotens sind sämtliche Kommunikationswege unterbrochen;Jeder Teilnehmer ist nur mit seinem linken und rechten Partner verbunden;Bei Ausfall der Zentrale sind sämtliche Kommunikationswege unterbrochen;Es gibt keine Zentrale und keine Knoten;Bei Ausfall einer Station bleibt die Kommunikation der anderen Stationen erhalten;Alle Stationen sind Knoten, es gibt keinen zentralen Knoten;Die Verbindung aller Teilnehmer erfolgt über einen gemeinsamen separaten Übertragungsweg;;;;0;1;1;0;0;0;1;0;;;;;;;;;;;;;;;;;
1168;Comsys;SC;Was ist ein Datagramm?;false;Ein Datagramm ist eine in sich geschlossene, unabhängige Dateneinheit, die den Verlauf eines Datenpakets beschreibt.;Ein Datagramm ist eine in sich geschlossene, unabhängige Dateneinheit, die zwischen zwei Endpunkten verschickt wird.;Ein Datagramm ist eine in sich geschlossene, unabhängige Dateneinheit, die die Sicherheit eines Datenpakets beschreibt.;;;;;;;;;0;1;0;;;;;;;;;;;;;;;;;;;;;;
1169;Comsys;SC;Was beschreibt die IP-Fragmentierung?;false;Die Aufteilung eines Datagramms auf mehrere Blöcke, falls die Gesamtlänge größer als die Maximum Transmission Unit der Netzwerkschnittstelle ist.;Die Vertauschung von Blöcken in Datagrammen, die durch Speicherung in den Netzwerkschnittstellen hervorgerufen wird.;Die Aufteilung eines Datagramms auf mehrere Blöcke bei der Speicherung der Daten beim ISP.;;;;;;;;;1;0;0;;;;;;;;;;;;;;;;;;;;;;
1170;Comsys;SC;Wozu dient DHCP?;false;DHCP (Dual Hyper Core Protocol) ermöglicht die Zuweisung von Prozessorkernen in Routern.;DHCP (Dipper Host Calculation Protocol) ermöglicht die genaue Berechnung von IP-Adressen im Internet.;DHCP (Dynamic Host Configuration Protocol) ermöglicht die Zuweisung der Netzwerkkonfiguration an Clients durch einen Server.;;;;;;;;;0;0;1;;;;;;;;;;;;;;;;;;;;;;
1171;Datenbanken;SC;Relationale Datenbanken: Eine Zeile wird auch Attribut genannt und eine Spalte einen Tupel.;false;;;;;;;;;;;;0;1;;;;;;;;;;Wahr ;Falsch ;;;;;;;;;;;;
1172;Datenbanken;MC;Was sind Datenbanktypen?;false;Hierarchische Datenbanken;ISO/OSI-Datenbanken;Netzwerk-Datenbanken;Relationale Datenbanken;Objektorientierte Datenbanken;XML-Datenbanken;Algebra-Datenbank;;;;;1;0;1;1;1;0;;;;;;;;;;;;;;;;;;;
1173;Datenbanken;SC;Welcher Datenbanktyp wird am häufigsten verwendet?;false;Objektorientierte Datenbanken;Relationale Datenbanken;;;;;;;;;;0;1;;;;;;;;;;;;;;;;;;;;;;;
1174;Datenbanken;SC;Es besteht eine Unverträglichkeit zwischen objektorientierten Programmiersprachen und dem Konzept der relationalen Datenbanken. Diese wird als Object-Relational Impedance Mismatch bezeichnet.;false;;;;;;;;;;;;1;0;;;;;;;;;;Wahr;Falsch;;;;;;;;;;;;
1175;Datenbanken;SC;O/R Mapper...;false;... mappen Objekte auf Relationen.;...mappen objektorientierte Datenbanken auf Relationenschemata.;;;;;;;;;;1;0;;;;;;;;;;;;;;;;;;;;;;;
1176;Datenbanken;SC;SQL ist eine deskriptive Sprache.;false;;;;;;;;;;;;1;0;;;;;;;;;;Wahr;Falsch;;;;;;;;;;;;
1177;Datenbanken;SC;SQL ist eine deklarative Sprache.;false;;;;;;;;;;;;1;0;;;;;;;;;;Wahr;Falsch;;;;;;;;;;;;
1178;Datenbanken;MC;Welches Verhalten kann man für Löschoperationen und Updates festlegen?;false;Cascade;Set null;Set default;No action;;;;;;;;1;1;1;1;;;;;;;;;;;;;;;;;;;;;
1179;Datenbanken;SC;Mit welchem Schlüsselwort kann die Eindeutigkeit eines Wertes sichergestellt werden?;false;CHECK;UNIQUE;ONLY;;;;;;;;;0;1;0;;;;;;;;;;;;;;;;;;;;;;
1180;Datenbanken;MC;Bei welchen der folgenden Funktionen handelt es sich um Aggregatfunktionen?;false;PLUS;MINUS;AVG;COUNT;MAX;MIN;SUM;DIVIDE;;;;0;0;1;1;1;1;1;0;;;;;;;;;;;;;;;;;
1181;Datenbanken;MC;Alle Kundennamen (Vor- und Nachname) aus der Relation 'Kunde' sollen ausgegeben werden. Kein Kundenname soll doppelt ausgegeben werden.;false;"SELECT DISTINCT Vorname, Nachname; FROM Kunde;";"SELECT Vorname, Nachname FROM Kunde;";"SELECT DISTINCT Vorname, Nachname FROM Kunde;";;;;;;;;;0;0;0;1;;;;;;;;;;;;;;;;;;;;;
1182;Datenbanken;DD;Data Definition Language (DDL ) und Data Manipulation Language (DML): Ordne zu!;false;Create;Alter;Insert;Drop;Update;Delete;;;;;;2;2;1;2;1;1;;;;;;DML;DDL;;;;;;;;;;;;
1183;Datenbanken;SC;Beziehungen zweiten Grades werden als duale Beziehungen bezeichnet.;false;;;;;;;;;;;;0;1;;;;;;;;;;Wahr;Falsch;;;;;;;;;;;;
1184;Datenbanken;SC;Rekursive Beziehungen sind erlaubt.;false;;;;;;;;;;;;1;0;;;;;;;;;;Wahr;Falsch;;;;;;;;;;;;
1185;Datenbanken;SC;Kardinalitäten werden auch als look-around-Kardinalitäten bezeichnet.;false;;;;;;;;;;;;0;1;;;;;;;;;;Wahr;Falsch;;;;;;;;;;;;
1186;Datenbanken;SC;Die Beziehung is-a stellt eine Aggregation dar und die part-of-Beziehung eine Generalisierung.;false;;;;;;;;;;;;0;1;;;;;;;;;;Wahr;Falsch;;;;;;;;;;;;
1187;Datenbanken;SC;chwache Entitäten können nicht ohne ihre Eigentümerentität existieren.;false;;;;;;;;;;;;1;0;;;;;;;;;;Wahr;Falsch;;;;;;;;;;;;
1188;Datenbanken;OD;Bringe die Speichersysteme bezüglich Kosten/Byte und Geschwindigkeit (absteigend) sowie Zugriffszeit und Speicherkapazität (aufsteigend) in die richtige Reihenfolge.;false;main memory;register/cache;mangetic disk;optical disk;magnetic tape;flash memory;;;;;;1;4;5;6;3;;;;;;;;;;;;;;;;;;;;
1189;Datenbanken;SC;Wie werden Daten in den Hauptspeicher übertragen?;false;Blockweise;Seitenweise;Je ein Datensatz;;;;;;;;;1;0;0;;;;;;;;;;;;;;;;;;;;;;
1190;Datenbanken;MC;Welche Anomalien können auftreten?;false;Löschanomalien;Updateanomalien;Einfügeanomalien;Cascadeanomalien;;;;;;;;1;1;0;;;;;;;;;;;;;;;;;;;;;;
1191;Datenbanken;SC;Was versteht man unter einem Primärschlüssel?;false;Primärschlüssel einer Relation, der in einer anderen Relation platziert wird, um so eine Beziehung zwischen den Relationen herzustellen.;Genau ein Kandidatenschlüssel wird als diese Art von Schlüssel festgelegt.;Ein Schlüssel, der künstlich zur Relation hinzugefügt wird, um als Primärschlüssel zu fungieren.;Eine Menge von non-null Attributen, von der die gesamt Attributmenge funktional abhängig ist.;;;;;;;;0;1;0;0;;;;;;;;;;;;;;;;;;;;;
1192;Datenbanken;SC;Bei welcher Art der Datensatz-Speicherung werden Datensätze als Key-Value-Paare gespeichert?;false;Fixlängen-Speicherung;Speicherung in variabler Länge;;;;;;;;;;0;1;;;;;;;;;;;;;;;;;;;;;;;
1193;Datenbanken;SC;Wann muss auf alle Fälle die Organisationsform 'Spanned' verwendet werden?;false;bfr=100;bfr=10;bfr=1;bfr=0;;;;;;;;0;0;0;1;;;;;;;;;;;;;;;;;;;;;
1194;Datenbanken;MC;Aus welchen Operationen setzt sich die Löschoperation bei B-Bäumen zusammen?;false;Rotation;Turn ;Merge;Spin;Delete;Insert;;;;;;1;0;1;0;0;0;;;;;;;;;;;;;;;;;;;
1195;Datenbanken;SC;Die Ordnung eines B-Baumes in einem Computersystem kann nicht beliebig erhöht werden, da ein Knoten einem Block/einer Seite entspricht und Blöcke in einem Computersystem durch eine feste Größe begrenzt sind.;false;;;;;;;;;;;;1;0;;;;;;;;;;Wahr;Falsch;;;;;;;;;;;;
1196;Datenbanken;SC;Wofür steht HANA?;false;High Performance Analytic Application;High Performance Analytic Appliance;;;;;;;;;;1;0;;;;;;;;;;;;;;;;;;;;;;;
1197;Datenbanken;SC;Was unterscheidet HANA von anderen relationalen Datenbanken (Oracle, MS-SQL, etc.)?;false;HANA arbeitet spaltenorientiert, andere relationale Datenbanken arbeiten zeilenorientiert;HANA arbeitet zeilenorientiert, andere relationale Datenbanken arbeiten spaltenorientiert;;;;;;;;;;1;0;;;;;;;;;;;;;;;;;;;;;;;
1198;Datenbanken;SC;HANA ist eine In-Memory-Datenbank.;false;;;;;;;;;;;;1;0;;;;;;;;;;Wahr;Falsch ;;;;;;;;;;;;
1199;it-intro;SC;Welche Aussage trifft auf digitale Informationen zu?;false;Sie können zu geringen Kosten ohne Integritätsverlust aufwändig dupliziert werden.;Sie können in kurzer Zeit ohne Qualitätsverlust einfach dupliziert werden.;Sie können zu geringen Kosten ohne Qualitätsverlust einfach dupliziert werden.;Sie können zu geringen Kosten ohne Qualitätsverlust einfach zerstört werden.;;;;;;;;0;0;1;0;;;;;;;;;;;;;;;;;;;;;
1200;it-intro;SC;Wie ist Software am besten definiert?;false;Die Offlineversion einer Netzwerkressource.;Eine Sammlung von Algorithmen auf einem Computer.;Die Implementierung eines Programms in einer Laufzeitumgebung.;;;;;;;;;0;0;1;;;;;;;;;;;;;;;;;;;;;;
1201;it-intro;MC;Eine Softwareprodukt enthält meistens welche Bestandteile?;false;Code;Vertrag;Installations- und De-Installationsroutinen;Bilder, Klänge und Schriftarten;Hilfssystem / Anleitung;Rechnung;Diskette;Updatemethoden / Patches;Treiber für spezifische Hardware;;Aktivierungscode;1;0;1;1;1;0;0;1;1;0;;;;;;;;;;;;;;;
1202;it-intro;SC;Wie viele natürliche Zahlen existieren in einem 32bit-System?;false;32^2 - 1;2^32;32^2;2^32 - 1;;;;;;;;0;0;0;1;;;;;;;;;;;;;;;;;;;;;
1203;it-intro;SC;Was wird als Mantisse bezeichnet?;false;Die Potenz einer Gleitkommazahl nach den Ziffernstellen.;Die Ziffernstellen einer Gleitkommazahl vor der Potenz.;Der Logarithmus einer Gleitkommazahl bezogen auf die Potenz.;Die Stellen einer Gleitkommazahl vor dem Komma.;;;;;;;;0;1;0;0;;;;;;;;;;;;;;;;;;;;;
1204;it-intro;SC;Sind Gleitkommazahlen fehleranfällig?;false;Ja, die Limitierung der Mantisse führt zu Präzisionsfehlern.;Ja, aber der Gleitkommaprozessor gleicht die Fehler der Potenz aus.;Ja, aber nur bei negativen Gleitkommazahlen durch die Nullstellenproblematik.;;;;;;;;;1;0;0;;;;;;;;;;;;;;;;;;;;;;
1205;it-intro;SC;Wozu dient die Byte-Reihenfolge?;false;Sie legt fest, in welcher Reihenfolge Bytefolgen gespeichert werden.;Sie legt fest, in welcher Reihenfolge Byteabstände gelöscht werden.;Sie legt fest, in welcher Reihenfolge Bytefolgen verschlüsselt werden.;;;;;;;;;1;0;0;;;;;;;;;;;;;;;;;;;;;;
1206;it-intro;MC;Welche Elemente sind Bestandteile einer Von-Neumann-Architektur?;false;Prozessor (CPU) mit Steuerwerk und Rechenwerk (ALU);Register;Hauptspeicher;Massenspeicher;I/O-Interface;Grafikeinheit;Netzwerkeinheit;Bus-System;;;;1;0;1;0;1;0;0;1;;;;;;;;;;;;;;;;;
1207;it-intro;DD;Ordne diese typischen Operationen einer Von-Neumann-Architektur einander zu!;false;Stop;Summierung von Daten;Verschiebung von Daten zwischen Speicher, Prozessor und I/0;Vergleich von Daten;Multiplikation von Daten;Sprung zu neuer Instruktion;;;;;;4;1;3;2;1;4;;;;;;Arithmetische Operation;Logische Operation;Transportoperation;Verzweigung;;;;;;;;;;
1208;it-intro;MC;Welche Datenkompressionarten gibt es?;false;Verlustarme Datenkompression (Poor Lossless);Verlustbehaftete Datenkompression (Lossy);Verlustqualitative Datenkompression (Quality Lossy);Verlustsensitive Datenkompression (Sensitive Lossy);Verlustfreie Datenkompression (Lossless);Verlustreiche Datenkompression (Rich Lossless);;;;;;0;1;0;0;1;0;;;;;;;;;;;;;;;;;;;
1209;it-intro;SC;Was ist ein Cache;false;Die technische Bezeichnung für die Druckerwarteschlange.;Der Blockbereich eines Massenspeichers, der für die Verteilung von Prüfziffern zuständig ist.;Ein Puffer-Speicher, der zwischen Systemen mit unterschiedlicher Geschwindigkeit vermittelt.;Die Sicherheitsschaltung in einem Netzteil.;;;;;;;;0;0;1;0;;;;;;;;;;;;;;;;;;;;;
1210;it-intro;SC;Was sind zeichenorientierte Geräte (character devices)?;false;Zeichenorientierte Geräte übertragen nur ein Zeichen zur selben Zeit. Ein Beispiel ist das Keyboard.;Zeichenorientierte Geräte sind Geräte zur Freihandgestaltung am Computer. Ein Beispiel ist der PC-Stift.;Zeichenorientierte Geräte übertragen Zeichen in Matrixform. Ein Beispiel ist eine Analog-Digital-Matrix.;;;;;;;;;1;0;0;;;;;;;;;;;;;;;;;;;;;;
1211;VS;SC;Für was steht die Abkürzung PHP?;false;Private Home Page;Hypertext Preprocessor;Personal Hypertext Processor;;;;;;;;;0;1;0;;;;;;;;;;;;;;;;;;;;;;
1212;VS;SC;PHP ist eine serverseitige Programmiersprache, die HTML und CSS Code generieren kann.;false;;;;;;;;;;;;1;0;;;;;;;;;;Wahr;Falsch ;;;;;;;;;;;;
1213;VS;MC;Welche Angaben werden benötigt, um eine Socket-Verbindung zu einem Server herzustellen?;false;IP-Adresse;TCP-Portnummer;MAC-Adresse;Server-Passwort;;;;;;;;1;1;0;0;;;;;;;;;;;;;;;;;;;;;
1214;VS;SC;Anschlussströme repräsentieren eine Verbindung zu einer Quelle oder einem Zielort (Datei, Socket, usw.).;false;;;;;;;;;;;;1;0;;;;;;;;;;Wahr;Falsch;;;;;;;;;;;;
1215;VS;DD;Weise die Aussagen richtig zu!;false;Skriptsprache;von Webserver instanziiert und durchgeführt;serverseitig;vom Client geladen und ausgeführt;clientseitig;hat nichts zu tun mit Java;kann fast gesamte Java-API benutzen;;;;;1;3;2;2;1;1;2;;;;;JavaScript;Java Applet;Java Servlet;;;;;;;;;;;
1216;VS;SC;jQuery ist eine…;false;...Programmiersprache;...JSON Library;...JavaScript Library;...Art, Warteschlangen (Querys) zu organisieren;;;;;;;;0;0;1;0;;;;;;;;;;;;;;;;;;;;;
1217;VS;SC;jQuery benutzt CSS-Selektoren, um Elemente auszuwählen.;false;;;;;;;;;;;;1;0;;;;;;;;;;Richtig;Falsch;;;;;;;;;;;;
1218;VS;SC;Ist jQuery eine Library für client scripting oder server scripting?;false;client scripting;server scripting;;;;;;;;;;1;0;;;;;;;;;;;;;;;;;;;;;;;
1219;VS;DD;Was machen folgende PHP-Funktionen?;false;Führt eine SQL-Abfrage auf einer MySQL-Datenbank durch.;Schließt eine Verbindung zu einer MySQL-Datenbank.;Stellt unter Angabe der Verbindungsdaten eine Verbindung mit einer MySQL-Datenbank her.;;;;;;;;;2;3;1;;;;;;;;;mysqli_connect();mysqli_query();mysqli_close();;;;;;;;;;;
1220;VS;SC;Der Servlet-Kontext-Listener wird nur benachrichtigt, wenn der Kontext initialisiert wird.;false;;;;;;;;;;;;0;1;;;;;;;;;;Richtig;Falsch;;;;;;;;;;;;
1221;VS;SC;Der Servlet-Kontext-Listener wird benachrichtigt, wenn der Kontext initialisiert oder zerstört wird.;false;;;;;;;;;;;;1;0;;;;;;;;;;Richtig;Falsch ;;;;;;;;;;;;
1222;Statistik;MC;Wie definiert man ein Ereignis?;false;Eine Menge von Elementarereignissen.;Das Ergebnis einer Zuordnung.;Eine Teilmenge des Ergebnisraums.;Die Schnittmenge aller Zufallsexperimente. ;;;;;;;;1;0;1;0;;;;;;;;;;;;;;;;;;;;;
1223;Statistik;MC;Das Signifikanzniveau …;false;… heißt α und ist eine kleine Zahl nahe Null.;… wird bei Hypothesentests als Fehler der ersten Art gewertet. ;… berechnet man mit dem Median.;… kann nur durch eine Stichprobe mit mehr als 100 Beobachtungsobjekten festgelegt werden.;… gibt im Hypothesentest an, welches Risiko man bereit ist einzugehen, eine falsche Entscheidung zu treffen;;;;;;;1;0;0;0;1;;;;;;;;;;;;;;;;;;;;
1224;Statistik;SC;Entlang der Äste eines Wahrscheinlichkeitsbaums wird…;false;… addiert.;… subtrahiert. ;… multipliziert.;… dividiert.;;;;;;;;0;0;1;0;;;;;;;;;;;;;;;;;;;;;
1225;Statistik;SC;Für das Würfeln mit zwei Würfeln ist die Wahrscheinlichkeiten des Ereignisses, dass die Augenzahl größer als 10 ist…;false;… 1/10.;… 6/10.;… 1/12.;0;;;;;;;;0;0;1;0;;;;;;;;;;;;;;;;;;;;;
1226;Statistik;SC;Welche Arten von Hypothesentests gibt es?;false;Relativer und prozentualer Hypothesentest.;Einseitger und zweiseitiger Hypothesentest. ;Statistiscer und dynamischer Hypothesentest.;Normalverteilter und standardnormalverteilter Hypothesentest.;;;;;;;;0;1;0;0;;;;;;;;;;;;;;;;;;;;;
1227;Statistik;SC;Die IMBIT Krake möchte nachweisen, dass ihre 20 IT-Services im Durchschnitt von mehr als 10 Mitarbeitern betreut werden. Welche Hypothesen sollte sie testen?;false;"H0:μ≤20;H1:μ>20";"H0:μ≤10;H1:μ>10";"H0:μ>20;H1:μ≤20";"H0:μ>20;H1:μ>10";;;;;;;;0;1;0;0;;;;;;;;;;;;;;;;;;;;;
1228;Statistik;SC;Die IMBIT Krake möchte die Kunden ihres IT-Unternehmens besser kennenlernen und stellt fest, dass die unterschiedlichen Unternehmen 140, 211, 127, 290, 195, 150 und 143 Mitarbeiter haben. Wie groß ist die Spannweite dieser Unternehmensgrößen?;false;150;1256;19,4;3;;;;;;;;1;0;0;0;;;;;;;;;;;;;;;;;;;;;
1229;Statistik;SC;In welchem Fall wird der Satz von Bayer angewandt?;false;Durch neu gewonnene Informationen können schon ermittelte Wahrscheinlichkeiten genauer bestimmt werden.;Durch verringerten Ergebnisraum können schon ermittelte Wahrscheinlichkeiten genauer bestimmt werden.;;;;;;;;;;1;0;;;;;;;;;;;;;;;;;;;;;;;
1230;Statistik;DD;Das IT-Unternehmen der IMBIT Krake bekommt Rechnungen mit den folgenden Werten: 50€, 100€, 81€, 250€, 1000€, 44€, 250€. Ordne die Lagemaße korrekt zu.;false;250;100;254;;;;;;;;;3;1;2;;;;;;;;;Median;Mittelwert;Modus;;;;;;;;;;;
1231;Statistik;DD;Die IMBIT Krake möchte die offenen Stellen in ihrem IT-Unternehmen besetzen. Sie sucht folgende Mitarbeiter: HR : 2, Service Desk : 5, Marketing : 3, Sales : 5, Buchhaltung : 3, SAP Consultant : 5, Einkauf : 1, Network Engineer : 3, Presales : 3, Motivationstrainer : 0, Controlling : 3, Entwickler : 5, Jurist : 1, Praktikant : 1. Ordne die absolute Häufigkeit korrekt den offenen Stellen zu.;false;0;1;2;3;4;5;;;;;;2;1;5;6;4;3;;;;;;3;1;4;0;2;5;;;;;;;;
1232;Statistik;DD;Ordne den Verteilungen ihre Schiefe zu.;false;Symmetrisch.;Linksschief bzw. rechtssteil.;Rechtsschief bzw. linkssteil.;;;;;;;;;2;3;1;;;;;;;;;> 0;0;< 0;;;;;;;;;;;
1233;Statistik;DD;Die IMBIT Krake möchte ihr Produktportfolio erweitern und macht dafür eine Kundenumfrage. 10 der 70 Dienstleistungsunternehmen interessieren sich für IoT, 60 für eine Cloud. 50 der 130 Produktionsunternehmen interessieren sich für IoT, 80 für eine Cloud. Ordne die Wahrscheinlichkeiten korrekt zu.;false;10/200 = 0.05;(60/200)+(130/200)-(50/200) = 0.7;60/200 = 0.3;;;;;;;;;1;3;2;;;;;;;;;Ein Unternehmen ist an IoT Services interessiert.;Ein Produktionsunternehmen ist an IoT Services interessiert.;Ein Unternehmen ist an IoT interessiert oder ist ein Produktionsunternehmen.;;;;;;;;;;;
1234;Statistik;TQ;Der Gini-Koeffizient.;false;;;;;;;;;;;;;;;;;;;;;;;;;;;;;;;;;;;;
1235;Statistik;OD;In welcher Reihenfolge kann man die folgenden Werte berechnen?;false;Standardabweichung;Varianz;Durchschnitt;;;;;;;;;3;1;2;;;;;;;;;;;;;;;;;;;;;;
1236;Statistik;TL;Ordne die englischen Begriffe den deutschen Begriffen zu. ;false;Binomialverteilung;Zufallsvariable;Intervallschätzung;Hypothesentest;Stichprobe;Interquartilsabstand;arithmetisches Mittel;Häufigkeitsverteilung;Säulendiagramm;Signifikanzniveau;;8;3;5;4;1;6;9;10;2;7;;Sample ;Bar Graph;Random Variable;Hypothesis Testing;Interval Estimation;Interquartile Range;Significance Level;Binominal Distribution;Arithmetic Mean;Frequency Distribution;;;;
1237;Controlling;SC;Was zählt nicht zu den wesentlichen Aufgaben des Controllings?;false;Das Sicherstellen von Transparenzen im Hinblick auf Strategien, Ergebnisse, Finanzen und Prozesse.;Die unternehmensübergreifende Gestaltung des zukunftsorientierten Berichtswesens .;Das Pflegen der Controllingsysteme.;Die Unterstützung des Managementsprozesses der Zielfindung, Planung und Steuerung.;Kontrolle von eingehenden Rechnungen;;;;;;;0;0;0;0;1;;;;;;;;;;;;;;;;;;;;
1238;Controlling;MC;Welche Komponenten gehören zum Führungssystem eines Unternehmens?;false;Zielsystem ;Organisationssystem;Betriebssystem;Projektmanagementsystem;Personalführungssystem;Informationssystem;Planungs- und Kontrollsystem;;;;;1;1;0;0;1;1;1;;;;;;;;;;;;;;;;;;
1239;Controlling;DD;Ordne die folgenden Planungshorizonte richtig zu. ;false;Bis zu einem Jahr;Zwischen einem und fünf Jahren;Mehr als fünf Jahre;;;;;;;;;3;1;2;;;;;;;;;Taktisch ;Strategisch;Operativ;;;;;;;;;;;
1240;Controlling;DD;Ordne die folgenden Controllinginstrumente richtig zu. ;false;Soll-Ist-Analyse;Szenarioanalyse;ABC-Analyse;Nutzwertanalyse;Budgetierung;Umweltanalyse;Berichtswesen;Stärken-Schwächen-Analyse;;;;2;1;2;1;2;1;2;1;;;;Strategisch;Operativ;;;;;;;;;;;;
1241;Controlling;DD;Ordne folgende strategische Controllinginstrumente richtig zu. ;false;Marktwachstums-Marktanteils-Portfolio von BCG;Wertkettenanalyse;St. Galler Managementmodell;PESTL-Analyse;Produkt-Markt-Expansionsraster nach Ansoff;Five Forces nach Porter;;;;;;1;1;2;2;1;2;;;;;;Intern;Extern;;;;;;;;;;;;
1242;Controlling;MC;Aus welchen Perspektiven setzt sich die Balanced Scorecard zusammen?;false;Finanzperspektive;Produktperspektive;Kundenperspektive;Potenzialperspektive;Preisperspektive;Prozessperspektive;Lieferantenperspektive;;;;;1;0;1;0;1;0;1;0;;;;;;;;;;;;;;;;;
1243;Controlling;DD;Ordne folgene Ziele der richtigen Perspektive aus dre BSC zu. ;false;Mitarbeiterzufriedenheit steigern;Hoher Marktanteil;Effizienz steigern;;;;;;;;;4;2;3;1;;;;;;;;Finanzperspektive;Kundenperspektive;Prozessperspektive;Potenzialperspektive;;;;;;;;;;
1244;Controlling;MC;Wähle die Kennzahlen, die Finanzkennzahlen darstellen, aus.;false;CPO;EBIT;ROCE;NPS;EVA;ROI;;;;;;0;1;1;0;1;1;;;;;;;;;;;;;;;;;;;
1245;Controlling;DD;Ordne die folgenden Definitionen je einer Kennzahl zu.;false;Operatives Ergebnis (Bruttogewinn);Differenz aus Geschäftsergebnis und Kapitalkosten (Übergewinn);Setzt den Gewinn ins Verhältnis zum eingesetzten Kapital (Rentabilitätsmaß).;;;;;;;;;1;2;3;;;;;;;;;EBIT;EVA;ROI;;;;;;;;;;;
1246;Controlling;SC;Ein Unternehmen mit 40% Eigenkapital hat einen Betafaktor in Höhe von 1,7. Der risikolose Habenzins beträgt 3%, der Sollzins 9%. Die Risikoprämie am Markt liegt bei 5%, der Steuersatz bei 35%. Berechne die WACC.;false;10,03 %%;9,24 %;7,62 % ;8,11 %;;;;;;;;0;0;1;;;;;;;;;;;;;;;;;;;;;;
1247;Controlling;SC;Der ROI eignet sich besonders für produzierende Unternehmen als Steuerungsgröße, da er das operative Ergebnis in Relation zum eingesetzten Kapital darstellt.;false;Wahr;Falsch;;;;;;;;;;1;0;;;;;;;;;;;;;;;;;;;;;;;
1248;Controlling;SC;Aus welchen zwei Kennzahlen setzt sich der ROI multiplikativ zusammen?;false;Verschuldungsgrad und Investitionsquote;Umsatzrendite und Kapitalumschlag;Abschreibungsquote und Nettoinvestitionsquote;Eigenkapitalquote und Dividendenrendite;;;;;;;;0;1;0;0;;;;;;;;;;;;;;;;;;;;;
1249;Controlling;MC;Ein Unternehmen erwirtschaftet jährlich einen Gewinn von 15 Mio €. Dabei beträgt der Umsatz 300 Mio €, die Bilanzsumme 420 Mio €. Welche der folgenden Aussagen sind korrekt?;false;Der Kapitalumschlag beträgt 14 %.;Die Umsatzrendite beträgt 5 %.;Der ROI beträgt 3,58 %.;Der Kapitalumschlag liegt bei 71%.;Die Umsatzrendite liegt bei 200%.;Der ROI liegt bei 28%.;;;;;;0;1;1;1;0;0;;;;;;;;;;;;;;;;;;;
1250;Controlling;SC;Ein Unternehmen erwirtschaftet ein NOPAT in Höhe von 50 Mio €. Dabei beträgt die Bilanzsumme 250 Mio €, die WACC betragen 8%. Berechne den EVA.;false;15 Mio €;20 Mio €;25 Mio €;30 Mio €;;;;;;;;0;0;0;1;;;;;;;;;;;;;;;;;;;;;
1251;Controlling;TL;Ordne den Begriffen jeweils ihre passende Übersetzung zu.;false;Sales;Revenue;Earnings;Reporting;Cash Flow;Budgeting;Planning;Weighted Average Capital Cost;Strategic;Operating;;4;6;1;8;5;2;9;10;3;7;;Ergebnis;Budgetierung;Strategisch ;Absatz;Kapitalfluss;Umsatz;Operativ;Berichtswesen;Planung;Gewichtete durchschnittliche Kapitalkosten;;;;
1252;porter;MC;Aus welchen elementaren Bausteinen besteht die Value Chain?;false;Gewinnspanne;Primäraktivitäten;Geschäftsprozesse;sekundäre Aktivitäten;Strategie-Beratung;;;;;;;1;1;0;1;0;;;;;;;;;;;;;;;;;;;;
1253;porter;DD;Ordne folgende Begriffe zu:;false;Einkauf und Beschaffung;Produktion;Personalwirtschaft;Marketing und Vertrieb;Kundenservice;;;;;;;2;3;4;5;1;;;;;;;Customer Relationship Management;Procurement;Production Planning;HR;Sales Distribution;;;;;;;;;
1254;porter;DD;Sind folgende Aktivitäten primär oder sekundär?;false;Eingangslogistik;Beschaffung;Ausgangslogistik;Technologieentwicklung;Marketing;Personalwirtschaft;Produktion;Unternehmensinfrastruktur;Kundendienst;;;1;2;1;2;1;2;1;2;1;;;Primäre Aktivitäten;Sekundäre Aktivitäten;;;;;;;;;;;;
1255;porter;SC;Welche der folgenden Aussagen ist wahr?;false;Es gibt keinen Unterschied zwischen sekundären und primären Aktivitäten.;Primäraktivitäten sind die Tätigkeiten, die einen direkten wertschöpfenden Beitrag zur Erstellung eines Produktes oder einer Dienstleistung liefern. Sekundäre Aktivitäten sind Tätigkeiten, die für die Ausübung der primären Aktivitäten die notwendige Voraussetzung sind. Sie liefern somit einen indirekten Beitrag zur Erstellung eines Produktes oder einer Dienstleistung.;Sekundäre Aktivitäten  sind die Tätigkeiten, die einen direkten wertschöpfenden Beitrag zur Erstellung eines Produktes oder einer Dienstleistung liefern. Primäre Aktivitäten sind Tätigkeiten, die für die Ausübung der sekundären Aktivitäten die notwendige Voraussetzung sind. Sie liefern somit einen indirekten Beitrag zur Erstellung eines Produktes oder einer Dienstleistung.;;;;;;;;;0;1;0;;;;;;;;;;;;;;;;;;;;;;
1256;porter;MC;Welche der folgenden Aussagen sind wahr?;false;Die Value Chain von Michale Porter stellt die Stufen der Produktion als eine geordnete Reihung von Tätigkeiten dar.;Die Wertschöpfungskette besteht aus primären Aktivitäten wie beispielsweise der Personalwirtschaft und sekundären Aktivitäten wie beispielsweise Marketing und Vertrieb.;Die Portersche Value Chain setzt sich aus den einzelnen Wertaktivitäten und der Gewinnspanne zusammen. Wertaktivitäten sind Tätigkeiten, die zur Herstellung eines Produktes oder einer Dienstleistung erbracht werden. Die Gewinnspanne ist der Unterschied zwischen dem Ertrag, den dieses Produkt erbringt, und den eingesetzten Ressourcen.;;;;;;;;;1;0;1;;;;;;;;;;;;;;;;;;;;;;
1257;porter;MC;Aus welchen fünf Kräften besteht das Five Forces Model von Michael Porter?;false;Zulieferer;Marketing;Vertrieb;Kunden;After-Sales Service;Ersatzprodukte;Export und Import;Potenzielle Mitbewerber;Mitbewerber Rivalität;;;1;0;0;1;0;1;0;1;1;;;;;;;;;;;;;;;;
1258;porter;DD;Ordne folgende Begriffe zu:;false;Bedrohung durch Substitutionsprodukte;Bedrohung durch neue Anbieter;Verhandlungsstärke der Lieferanten;Verhandlungsstärke der Abnehmer;Rivalität unter den bestehenden Wettbewerbern;;;;;;;2;5;1;3;4;;;;;;;Zulieferer;Ersatzprodukte;Kunden;Mitbewerber Rivalität;Potenzielle Mitbewerber;;;;;;;;;
1259;porter;DD;Ordne folgende Begriffe zu:;false;Ein Frucht- und Kräuterlieferant eines Bionadeherstellers könnte damit drohen, die Rohstoffe selbst zu einer Limonade zu verarbeiten.;Siruphersteller: Mittels Sirup lässt sich Leitungswasser zu einem geschmackhaltigen Erfrischungsgetränk aufwerten, welches ein Substitut für Softdrinks darstellt.;Ein Großabnehmer könnte die Softdrink Preise in gewisser Weise drücken, und damit drohen anstelle von Softdrink-Automaten, frischgepresste Säfte auszuschenken.;Coca Cola hat einen sehr großen Bekanntheitsgrad und befindet sich im Kühlschrank vieler Kunden. Um als Mitbewerber in den Markt einzutreten sind erhöhte Werbekosten nötig, um das eigene Produkt dem Kunden schmackhaft zu machen.;Die Rivalität in dem deutschen Getränkemarkt ist groß. Die Gesellschaft altert und ein großes Marktwachstum ist nicht erkennbar. Es sind einige „Bigplayer“ wie bspw. CocaCola  am Markt vertreten welche über eine hohe Kundenloyalität und hohe Werbebudgets verfügen.;;;;;;;1;2;3;4;5;;;;;;;Zulieferer;Ersatzprodukte;Kunden;Potenzielle Mitbewerber;Mitbewerber Rivalität;;;;;;;;;
1260;porter;MC;Welche der folgenden Aussagen sind wahr?;false;Das Five Forces Modell basiert darauf, dass die Attraktivität einer Branche durch die Ausprägung der fünf wesentlichen Wettbewerbskräfte bestimmt wird.;Je geringer die Bedrohung der Five Forces ist, desto unattraktiver ist die betrachtete Branche und desto schwieriger ist es, einen nachhaltigen Wettbewerbsvorteil zu erzielen.;Die Five Forces werden nie für die gesamte Branche betrachtet.;Unternehmen sollten eher versuchen, in einer Branche mit attraktiver Branchenstruktur tätig zu sein und eine verteidigungsfähige Position in ihrer Branche aufzubauen, also eine Position in der die fünf Wettbewerbskräfte eine möglichst wenig bedrohliche Ausprägung aufweisen.;;;;;;;;1;0;0;1;;;;;;;;;;;;;;;;;;;;;
1261;porter;DD;Ordne folgende Begriffe zu:;false;Einzigartigkeit;Gesamtmarkt;Teilmarkt;Kostenvorsprung;;;;;;;;2;1;1;2;;;;;;;;Wettbewerbsbreite;strategischer Vorteil;;;;;;;;;;;;
1262;porter;TQ;;false;;;;;;;;;;;;;;;;;;;;;;;;;;;;;;;;;;;;
1263;porter;DD;Ordne folgende Begriffe zu:;false;Konstant hohe Geschwindigkeit;Permanente Innovationen;Größenvorteile;Kostenvorteile durch Beschränkung auf ein Segment;Standortvorteile;Automatisierung;Zeitvorteile;Flexibilität;;;;1;1;3;2;1;3;3;2;;;;Differenzierungsvorteile;Nischenvorteile;Kostenvorteile;;;;;;;;;;;
1264;porter;MC;Welche der folgenden Aussagen sind wahr?;false;Die Wettbewerbsstrategie nach Porter gehört zu den Basisstrategien der Unternehmensentwicklung und definiert wie sich ein Unternehmen gegenüber dem Wettbewerb positioniert.;Bei der Strategie der Kostenführerschaft wird angestrebt, der Anbieter auf dem Markt mit dem höchsten Preis zu sein oder zu werden.;Bei der Strategie der Differenzierung soll laut Porter ein Leistungsvorteil erarbeitet werden. Die Produkte oder Dienstleistungen sollen  fast identische Eigenschaften aufweisen.;Das Hauptaugenmerk der Wettbewerbsstrategien nach Porter richtet sich dabei auf die Wettbewerber. Ziel ist eine gefestigte Branchenposition.;;;;;;;;1;0;0;1;;;;;;;;;;;;;;;;;;;;;
1265;porter;DD;Ordne folgende Begriffe zu:;false;Unternehmen können einen entscheidenden Konkurrenzvorteil durch minimal gehaltene Kostenstrukturen erreichen.;In dieser Strategie ist es möglich die Produkte günstiger anzubieten als die Konkurrenz.;Produkte und die Servicedienstleistungen sind bei der Strategie gekennzeichnet durch eine klare Unique Selling Position, die sich deutlich vom bestehenden Angebot am Markt differenzieren.;Strategie kann mit verschiedenen Taktiken umgesetzt werden wie bspw. durch besondere Produkteigenschaften oder Preisführerschaft.;Unternehmen positioniert innerhalb eines spezifischen Teil- oder Nischenmarktes.;Konkurrenzvorteil entsteht durch Avisierung eines engen Marktsegments mit genau definierter Zielgruppe.;;;;;;1;1;2;2;3;3;;;;;;Kostenführerschaft;Differenzierung;Fokussierung;;;;;;;;;;;
1266;porter;TL;;false;;;;;;;;;;;;;;;;;;;;;;;;;;;;;;;;;;;;
1267;klr ;MC;Welche Stufen bzw. Systeme der Vollkostenrechnung unterscheidet man?;false;Teilkostenrechnung;Kostenartenrechnung;Kostenträgerrechnung;Plankostenrechnung;Kostenstellenrechnung;Prozesskostenrechnung;;;;;;0;1;1;0;1;0;;;;;;;;;;;;;;;;;;;
1268;klr ;SC;Alle Aufwendungen und Erträge sind gleichzeitig auch Kosten und Leistungen.;false;Wahr;Falsch;;;;;;;;;;0;1;;;;;;;;;;;;;;;;;;;;;;;
1269;klr ;DD;Kostenarten nach Art der verbrauchten Produktionsfaktoren. Ziehe alle Elemente in das richtige Feld.;false;Gehälter;kalkulatorische Zinsen;Rohstoffe;Vorprodukte;Abschreibungen auf Sachanlagen;Handelswaren;Sozialabgaben;Fremdinstandhaltung von Anlagen;Löhne;Betriebsstoffe;;2;4;1;1;3;1;2;3;2;1;;Materialkosten;Personalkosten;Betriebsmittelkosten;Kapitalkosten;;;;;;;;;;
1270;klr ;MC;Man unterscheidet 2 Arten von Kalkulationssätzen. Welche?;false;Hilfskostenstellen;Maschinenstundensätze;Zuschlagssätze;Technologieentwicklung;Verteilungsschlüssel;Eingangsrechnungen;;;;;;0;1;1;0;0;0;;;;;;;;;;;;;;;;;;;
1271;klr ;SC;Um marktorientierte Entscheidungen auf Teilkostenbasis zu treffen, gliedert man die Kosten in fixe und variable Kosten.;false;Wahr;Falsch;;;;;;;;;;1;0;;;;;;;;;;;;;;;;;;;;;;;
1272;klr ;SC;Der Betriebsabrechnungsbogen (BAB) ist das zentrale Informationsinstrument der Kostenstellenrechnung;false;Wahr;Falsch;;;;;;;;;;1;0;;;;;;;;;;;;;;;;;;;;;;;
1273;klr ;SC;Die kurzfristige Preisuntergrenze deckt:;false;fixe Kosten;variable Kosten;;;;;;;;;;0;1;;;;;;;;;;;;;;;;;;;;;;;
1274;klr ;SC;Ein Auftrag kann auch ein Kostenträger sein.;false;Wahr;Falsch;;;;;;;;;;1;0;;;;;;;;;;;;;;;;;;;;;;;
1275;klr ;DD;Fallbeispiel - IT Unternehmen. Ziehe alle Elemente in das richtige Feld.;false;Serverkosten;Energiekosten;Personal;Abschreibung;Wartung;Vertrieb;Projekt;Prozess;IT Service;;;1;1;1;1;2;2;3;3;;;;Kostenarten;Kostenstellen;Kostenträger;;;;;;;;;;;
1276;klr ;TQ;;false;;;;;;;;;;;;;;;;;;;;;;;;;;;;;;;;;;;;
1277;klr ;SC;Wie berechnet man die Herstellkosten?;false;Materialkosten + Fertigungskosten;Materialkosten + Verwaltungskosten;Fertigungskosten + Verwaltungskosten;Verwaltungskosten + Vertriebskosten;;;;;;;;1;0;0;0;;;;;;;;;;;;;;;;;;;;;
1278;klr ;SC;In der KLR müssen bestimmte Aufwendungen und Erträge aus der Fibu noch korrigiert oder ergänzt werden. Diese Korrekturen bzw. Ergänzungen erfolgen durch kalkulatorische Kosten.;false;Wahr;Falsch;;;;;;;;;;1;0;;;;;;;;;;;;;;;;;;;;;;;
1279;klr ;MC;Welche Merkmale treffen auf das interne Rechnungswesen zu?;false;An gesetzliche Vorschriften gebunden;Vergangenheitsbezogen;Aufgaben: Dokumentation, Rechenschaftslegung, Information, Kontrolle;Kann frei gestaltet werden;Aufgaben: innerbetriebliche Planung, Steuerung, Kontrolle;Zeitnah;;;;;;0;0;0;1;1;1;;;;;;;;;;;;;;;;;;;
1280;klr ;SC;Gehört die Hallenbeleuchtung eines Unternehmens zu Einzel- oder Gemeinkosten?;false;Einzelkosten;Gemeinkosten;;;;;;;;;;0;1;;;;;;;;;;;;;;;;;;;;;;;
1281;klr ;TL;;false;;;;;;;;;;;;;;;;;;;;;;;;;;;;;;;;;;;;
1282;VWL_Mikro;SC;Was ist der primäre Gegenstand der Mikroökonomie?;false;Die Abstimmung der individuellen Pläne, insbesondere durch Preisbildung, auf den Produkt- und Faktormärkten.;Die Untersuchung des wirtschaftlichen Haushaltes einzelner Unternehmen.;Preisbildung in Abhängigkeit der Produktqualität.;;;;;;;;;1;0;0;;;;;;;;;;;;;;;;;;;;;;
1283;VWL_Mikro;MC;Wovon hängt nach geläufigen Hypothesen die von einem Haushalt nachgefragte Menge eines beliebigen Gutes pro Zeiteinheit ab?;false;Vom Preis des Gutes;Vom Preis anderer Güter;Vom Einkommen;Von der Bedürfnisstruktur;Vom Vermögen des Haushaltes;;;;;;;1;1;1;1;;;;;;;;;;;;;;;;;;;;;
1284;VWL_Mikro;TQ;;false;;;;;;;;;;;;;;;;;;;;;;;;;;;;;;;;;;;;
1285;VWL_Mikro;SC;Warum können die individuellen Nachfragekurven der Haushalte für ein Gut unterschiedlich sein, obwohl ihre Einkommen und Vermögen sowie die Preise der anderen Güter gleich sind?;false;Weil das Gut in verschiedenen Zeitintervallen in unterschiedlichen Mengen produziert wird.;Die individuellen Nachfragkurven können nicht verschieden sein.;Weil ihre Bedürfnisse meist verschieden sind.;;;;;;;;;0;0;1;;;;;;;;;;;;;;;;;;;;;;
1286;VWL_Mikro;MC;Welche Einflussfaktoren sind, abgesehen von denen der individuellen Nachfrage, bei der Marktnachfrage zusätzlich von Bedeutung?;false;Die Verteilung der Einkommen;Die Verteilung der Vermögen;Die größe der anbietenden Unternehmen;Die Zahl der ein bestimmtes Gut Nachfragenden Haushalte;;;;;;;;1;1;0;1;;;;;;;;;;;;;;;;;;;;;
1287;VWL_Mikro;MC;Eine Marktangebotskurve verschiebt sich ceteris paribus nach links, wenn:;false;die Preise der Produktionsfaktoren fallen.;die Preise anderer Güter steigen.;technische Fortschritte realisiert werden.;Anbieter ausscheiden.;die Anbieter größere Stückgewinne als bisher erzielen wollen.;;;;;;;0;1;0;1;1;;;;;;;;;;;;;;;;;;;;
1288;VWL_Mikro;TQ;;false;;;;;;;;;;;;;;;;;;;;;;;;;;;;;;;;;;;;
1289;VWL_Mikro;SC;Welches ist die wichtigste Prämisse des Cobweb-Theorems?;false;Das Angebot reagiert nicht auf Änderungen des Marktpreises.;Das Angebot reagiert ohne Zeitverzögerung auf Änderungen des Marktpreises.;Das Angebot reagiert zeitverzögert auf Änderungen des Marktpreises.;;;;;;;;;0;0;1;;;;;;;;;;;;;;;;;;;;;;
1290;VWL_Mikro;SC;Was drückt die Nachfrageelastizität (Preiselastizität der Nachfrage) aus?;false;Die Nachfrageelastizität ist ein Änderungsmaß der nachgefragten Menge in Bezug auf die angebotene Menge.;Die Nachfrageelastizität ist ein Änderungsmaß der nachgefragten Menge in Bezug auf den Preis.;Die Nachfragenelastizitäz ist ein Änderungsmaß der angetotenen Menge in Bezug auf die Nachfrage.;;;;;;;;;0;1;0;;;;;;;;;;;;;;;;;;;;;;
1291;VWL_Mikro;TQ;;false;;;;;;;;;;;;;;;;;;;;;;;;;;;;;;;;;;;;
1292;VWL_Mikro;DD;Bedürfnisse: Ordne die Begriffe den richtigen Feldern zu.;false;Hunger;Auto fahren wollen;Bildung;Tanzen;;;;;;;;1;2;3;4;;;;;;;;Existenzbedürfnisse;Wirtschaftliche Bedürfnisse;Kulturelle Bedürfnisse;sonstige Bedürfnisse;;;;;;;;;;
1293;VWL_Mikro;SC;Wie berechnet man die Wachstumsrate?;false;Neuer Wert / Alter Wert;(Alter Wert + Veränderung) / Alter Wert;Veränderung / Alter Wert);;;;;;;;;0;0;1;;;;;;;;;;;;;;;;;;;;;;
1294;VWL_Mikro;TQ;;false;;;;;;;;;;;;;;;;;;;;;;;;;;;;;;;;;;;;
1295;VWL_Mikro;DD;Zeitanalyse: Ordne die Beschreibungen den richtigen Feldern zu.;false;Alles auf einen Zeitpunkt bezogen;Vergleich zweier Gleichgewichtszustände;Wirtschaftsablauf in der Zeit;Veränderungen der funktionalen Beziehungen werden berücksichtigt;;;;;;;;2;3;4;1;;;;;;;;evaluatorische;statische;komperativ-statische;dynamische;;;;;;;;;;
1296;VWL_Mikro;TL;;false;;;;;;;;;;;;;;;;;;;;;;;;;;;;;;;;;;;;
1297;VWL_Makro;MC;Aufgabe der Volkswirtschaftlichen Gesamtrechnung ist es, …;false;... die Rechnungslegung der Unternehmen eines Landes zu Vereinheitlichen.;... das Ausgabegebaren des Staates im jeweils vorangegangenen Rechnungsjahr offenzulegen.;... die in einem Land durch die Wirtschaftstätigkeit während einer Periode neu geschaffenen Werte zu erfassen.;... das so gennannte Volkseinkommen und Sozialprodukt auszuweisen.;... den in einem Land in jedem Zeitpunkt vorhandenen Bestand ökonomischer Werte zu ermitteln.;;;;;;;0;0;1;1;0;;;;;;;;;;;;;;;;;;;;
1298;VWL_Makro;DD;Ordne die Erklärungen den richtigen Begriffen zu.;false;Ein System von Definitionen gesamtwirtschaftlicher Größen und deren empirische Darstellung;Die Empirische Darstellung dieser Größen;Ein System von Definitionen gesamtwirtschaftlicher Größen;;;;;;;;;1;3;2;;;;;;;;;Volkswirtschaftliche Gesamtrechnung (VGR);Kreislaufanalyse;VGR im staatlichen Sinn;;;;;;;;;;;
1299;VWL_Makro;TQ;;false;;;;;;;;;;;;;;;;;;;;;;;;;;;;;;;;;;;;
1300;VWL_Makro;MC;Nach welchen Wirtschaftsbereichen werden die Beiträge zum Bruttoinlandsprodukt in der Regel statistisch aufgeteilt?;false;Land- und Forstwirtschaft;Tourismus und Gastronomie;Warenproduzierendes Gewerbe;Handel und Verkehr;Dienstleistungsbereiche;;;;;;;1;0;1;1;1;;;;;;;;;;;;;;;;;;;;
1301;VWL_Makro;SC;Wie nennt man den Anteil der Unselbstständigeneinkommen am Volkseinkommen?;false;Profitquote;Lohnquote;Gehaltsquote;;;;;;;;;0;1;0;;;;;;;;;;;;;;;;;;;;;;
1302;VWL_Makro;TQ;;false;;;;;;;;;;;;;;;;;;;;;;;;;;;;;;;;;;;;
1303;VWL_Makro;SC;In welchem Zusammenhang stehen Brutto-, Netto- und Ersatzinvestition?;false;Bruttoinvestition = Nettoinvestition + Ersatzinvestition;Nettoinvestition = Bruttoinvestition + Ersatzinvestition;Bruttoinvestition = nettoinvestition - Ersatzinvestition;;;;;;;;;1;0;0;;;;;;;;;;;;;;;;;;;;;;
1304;VWL_Makro;DD;Ordne die Institutionen des staatlichen Sektors richtig zu.;false;Arbeitsämter;Lastenausgleichfonds;Stiftung Warentests;Gemeindeverbände;;;;;;;;4;1;2;3;;;;;;;;Gebietskörperschaften;öffentliche Anstalten;Vermögen;Zweckverbände;;;;;;;;;;
1305;VWL_Makro;MC;Woraus besteht der Sektor Private Haushalte?;false;Private Ein- und Mehrpersonenhaushalte;Anstalthaushalte;Private Institutionen ohne Erwerbscharakter;Private Institutionen mit Erwerbscharakter;Zweckverbände;;;;;;;1;1;1;0;0;;;;;;;;;;;;;;;;;;;;
1306;VWL_Makro;MC;Wie lauten die beiden Ausgangsfragen der KEYNESschen Analyse?;false;Wie lässt sich das Volkseinkommen am besten berechnen?;Wie lässt sich das Volkseinkommen bei gesamtwirtschaftlichem Gleichgewicht bestimmen?;Wie ändert sich das Volkseinkommen nach einer autonomen Ausgabenänderung?;Wie ändert sich das Volkseinkommen nach einer autonomen Einkommensänderung?;Warum berechnet man das Volkseinkommen?;;;;;;;0;1;1;0;0;;;;;;;;;;;;;;;;;;;;
1307;VWL_Makro;MC;Diese beiden Fragen lassen sich  methodisch gesehen nur beantworten ...;false;... im Rahmen der Volkswirtschaftlichen Gesamtrechnung.;... durch eine noch umfassendere Ex-post-Analyse.;... durch eine Ex-ante-Analyse unter Verwendung des begrifflichen Instrumentariums der VGR.;... weder durch eine Ex-post- noch durch eine Ex-ante-Analyse, sondern nur rein intuitiv.;... sowohl in einem Ex-ante-Grundmodell als auch im Rahmen eines erwiterten Hypothesensystems.;;;;;;;0;0;1;0;1;;;;;;;;;;;;;;;;;;;;
1308;VWL_Makro;TQ;;false;;;;;;;;;;;;;;;;;;;;;;;;;;;;;;;;;;;;
1309;VWL_Makro;MC;Der dritte KEYNES-Fall ist dadurch gekennzeichnet, dass die folgenden Größen zu hoch sind um ein Vollbeschäftigungsgleichgewicht zuzulassen:;false;das Nominallohnniveau;das Preisniveau;das Reallohnniveau;das Zinsniveau;;;;;;;;1;1;0;1;;;;;;;;;;;;;;;;;;;;;
1310;VWL_Makro;TL;;false;;;;;;;;;;;;;;;;;;;;;;;;;;;;;;;;;;;;
